"U:0","U:1","U:2","p","total(p)","Points:0","Points:1","Points:2"
0.1068,-0.010541,1.3554e-22,3.8944,4.6871,0.6,-0.2,0
0.47333,0.0010308,-1.0732e-22,3.8903,4.807,0.6,-0.1996,0
0.59732,-0.00017371,-1.1791e-22,3.8859,4.8795,0.6,-0.1992,0
0.65185,-0.00013943,-1.179e-22,3.8815,4.9158,0.6,-0.1988,0
0.70087,8.4824e-05,-1.179e-22,3.8771,4.9491,0.6,-0.1984,0
0.72847,0.0001311,-1.39e-22,3.8726,4.9679,0.6,-0.198,0
0.75179,0.00014187,-1.6431e-22,3.8682,4.9838,0.6,-0.1976,0
0.77512,0.00015265,-1.8962e-22,3.8638,4.9997,0.6,-0.1972,0
0.79844,0.00016343,-2.1493e-22,3.8594,5.0156,0.6,-0.1968,0
0.81268,0.00019047,-2.232e-22,3.8556,5.0246,0.6,-0.1964,0
0.82238,0.00022562,-2.2298e-22,3.8522,5.0303,0.6,-0.196,0
0.83209,0.00026076,-2.2276e-22,3.8487,5.0359,0.6,-0.1956,0
0.8418,0.0002959,-2.2254e-22,3.8453,5.0416,0.6,-0.1952,0
0.85151,0.00033105,-2.2232e-22,3.8419,5.0472,0.6,-0.1948,0
0.86122,0.00036619,-2.221e-22,3.8384,5.0529,0.6,-0.1944,0
0.87092,0.00040134,-2.2188e-22,3.835,5.0585,0.6,-0.194,0
0.88063,0.00043648,-2.2166e-22,3.8315,5.0641,0.6,-0.1936,0
0.8892,0.00045548,-2.0428e-22,3.828,5.0686,0.6,-0.1932,0
0.89547,0.00044205,-1.5242e-22,3.824,5.0707,0.6,-0.1928,0
0.90175,0.00042863,-1.0056e-22,3.8201,5.0729,0.6,-0.1924,0
0.90802,0.00041521,-4.8699e-23,3.8162,5.075,0.6,-0.192,0
0.9143,0.00040179,3.159e-24,3.8123,5.0771,0.6,-0.1916,0
0.92058,0.00038837,5.5019e-23,3.8084,5.0793,0.6,-0.1912,0
0.92685,0.00037495,1.0688e-22,3.8044,5.0814,0.6,-0.1908,0
0.93313,0.00036153,1.5874e-22,3.8005,5.0835,0.6,-0.1904,0
0.9394,0.0003481,2.106e-22,3.7966,5.0856,0.6,-0.19,0
0.94336,0.00039811,1.8618e-22,3.7927,5.0855,0.6,-0.1896,0
0.94732,0.00044812,1.6177e-22,3.7887,5.0853,0.6,-0.1892,0
0.95128,0.00049812,1.3735e-22,3.7848,5.0851,0.6,-0.1888,0
0.95524,0.00054813,1.1294e-22,3.7809,5.0849,0.6,-0.1884,0
0.9592,0.00059813,8.8523e-23,3.7769,5.0847,0.6,-0.188,0
0.96316,0.00064814,6.4108e-23,3.773,5.0845,0.6,-0.1876,0
0.96712,0.00069815,3.9694e-23,3.7691,5.0843,0.6,-0.1872,0
0.97108,0.00074815,1.5279e-23,3.7651,5.0841,0.6,-0.1868,0
0.97412,0.00077104,-9.4175e-24,3.7612,5.0829,0.6,-0.1864,0
0.97671,0.00078041,-3.4254e-23,3.7573,5.0813,0.6,-0.186,0
0.9793,0.00078978,-5.9091e-23,3.7534,5.0796,0.6,-0.1856,0
0.98189,0.00079915,-8.3927e-23,3.7494,5.0779,0.6,-0.1852,0
0.98448,0.00080852,-1.0876e-22,3.7455,5.0763,0.6,-0.1848,0
0.98708,0.00081789,-1.336e-22,3.7416,5.0746,0.6,-0.1844,0
0.98967,0.00082727,-1.5844e-22,3.7377,5.073,0.6,-0.184,0
0.99226,0.00083664,-1.8327e-22,3.7338,5.0713,0.6,-0.1836,0
0.99455,0.00085431,-1.8404e-22,3.7298,5.0693,0.6,-0.1832,0
0.99626,0.00088865,-1.3649e-22,3.7259,5.0667,0.6,-0.1828,0
0.99796,0.000923,-8.8932e-23,3.722,5.064,0.6,-0.1824,0
0.99967,0.00095734,-4.1377e-23,3.7181,5.0613,0.6,-0.182,0
1.0014,0.00099169,6.1773e-24,3.7141,5.0587,0.6,-0.1816,0
1.0031,0.001026,5.3733e-23,3.7102,5.056,0.6,-0.1812,0
1.0048,0.0010604,1.0129e-22,3.7063,5.0533,0.6,-0.1808,0
1.0065,0.0010947,1.4884e-22,3.7024,5.0507,0.6,-0.1804,0
1.0082,0.0011291,1.964e-22,3.6984,5.048,0.6,-0.18,0
1.0093,0.001148,1.7347e-22,3.6945,5.0447,0.6,-0.1796,0
1.0104,0.001167,1.5055e-22,3.6906,5.0413,0.6,-0.1792,0
1.0116,0.0011859,1.2763e-22,3.6867,5.038,0.6,-0.1788,0
1.0127,0.0012049,1.0471e-22,3.6827,5.0346,0.6,-0.1784,0
1.0138,0.0012238,8.1786e-23,3.6788,5.0313,0.6,-0.178,0
1.0149,0.0012428,5.8864e-23,3.6749,5.0279,0.6,-0.1776,0
1.016,0.0012617,3.5942e-23,3.671,5.0246,0.6,-0.1772,0
1.0172,0.0012807,1.302e-23,3.6671,5.0213,0.6,-0.1768,0
1.018,0.0013038,-1.0055e-23,3.6631,5.0176,0.6,-0.1764,0
1.0188,0.0013291,-3.3206e-23,3.6592,5.0138,0.6,-0.176,0
1.0195,0.0013544,-5.6357e-23,3.6553,5.01,0.6,-0.1756,0
1.0203,0.0013796,-7.9508e-23,3.6514,5.0062,0.6,-0.1752,0
1.021,0.0014049,-1.0266e-22,3.6474,5.0024,0.6,-0.1748,0
1.0218,0.0014302,-1.2581e-22,3.6435,4.9986,0.6,-0.1744,0
1.0225,0.0014554,-1.4896e-22,3.6396,4.9948,0.6,-0.174,0
1.0233,0.0014807,-1.7211e-22,3.6357,4.991,0.6,-0.1736,0
1.0239,0.0015049,-1.7264e-22,3.6318,4.9872,0.6,-0.1732,0
1.0244,0.0015271,-1.2777e-22,3.6278,4.9831,0.6,-0.1728,0
1.0249,0.0015492,-8.2887e-23,3.6239,4.979,0.6,-0.1724,0
1.0254,0.0015714,-3.801e-23,3.62,4.9749,0.6,-0.172,0
1.0259,0.0015935,6.8686e-24,3.6161,4.9708,0.6,-0.1716,0
1.0264,0.0016157,5.1746e-23,3.6121,4.9667,0.6,-0.1712,0
1.0269,0.0016378,9.6624e-23,3.6082,4.9626,0.6,-0.1708,0
1.0274,0.00166,1.415e-22,3.6043,4.9585,0.6,-0.1704,0
1.0279,0.0016821,1.8638e-22,3.6004,4.9544,0.6,-0.17,0
1.0282,0.0017049,1.6453e-22,3.5964,4.9501,0.6,-0.1696,0
1.0286,0.0017277,1.4268e-22,3.5925,4.9458,0.6,-0.1692,0
1.0289,0.0017505,1.2083e-22,3.5886,4.9415,0.6,-0.1688,0
1.0292,0.0017733,9.8984e-23,3.5847,4.9372,0.6,-0.1684,0
1.0296,0.0017961,7.7134e-23,3.5807,4.9329,0.6,-0.168,0
1.0299,0.0018189,5.5286e-23,3.5768,4.9286,0.6,-0.1676,0
1.0302,0.0018417,3.3436e-23,3.5729,4.9243,0.6,-0.1672,0
1.0306,0.0018645,1.1587e-23,3.569,4.92,0.6,-0.1668,0
1.0308,0.0018872,-1.0335e-23,3.565,4.9156,0.6,-0.1664,0
1.0311,0.0019098,-3.2294e-23,3.5611,4.9112,0.6,-0.166,0
1.0313,0.0019324,-5.4254e-23,3.5572,4.9068,0.6,-0.1656,0
1.0315,0.0019551,-7.6213e-23,3.5533,4.9023,0.6,-0.1652,0
1.0317,0.0019777,-9.8172e-23,3.5494,4.8979,0.6,-0.1648,0
1.0319,0.0020003,-1.2013e-22,3.5454,4.8934,0.6,-0.1644,0
1.0322,0.0020229,-1.4209e-22,3.5415,4.889,0.6,-0.164,0
1.0324,0.0020455,-1.6405e-22,3.5376,4.8846,0.6,-0.1636,0
1.0326,0.0020682,-1.6443e-22,3.5337,4.8801,0.6,-0.1632,0
1.0327,0.0020912,-1.2149e-22,3.5297,4.8756,0.6,-0.1628,0
1.0328,0.0021141,-7.8554e-23,3.5258,4.871,0.6,-0.1624,0
1.033,0.002137,-3.5615e-23,3.5219,4.8665,0.6,-0.162,0
1.0331,0.00216,7.3228e-24,3.518,4.862,0.6,-0.1616,0
1.0333,0.0021829,5.0262e-23,3.514,4.8574,0.6,-0.1612,0
1.0334,0.0022058,9.3201e-23,3.5101,4.8529,0.6,-0.1608,0
1.0335,0.0022288,1.3614e-22,3.5062,4.8483,0.6,-0.1604,0
1.0337,0.0022517,1.7908e-22,3.5023,4.8438,0.6,-0.16,0
1.0338,0.0022751,1.5803e-22,3.4983,4.8392,0.6,-0.1596,0
1.0338,0.0022985,1.3699e-22,3.4944,4.8346,0.6,-0.1592,0
1.0339,0.0023219,1.1594e-22,3.4905,4.83,0.6,-0.1588,0
1.034,0.0023453,9.4896e-23,3.4866,4.8254,0.6,-0.1584,0
1.0341,0.0023687,7.3851e-23,3.4826,4.8208,0.6,-0.158,0
1.0342,0.0023921,5.2805e-23,3.4787,4.8161,0.6,-0.1576,0
1.0342,0.0024155,3.176e-23,3.4748,4.8115,0.6,-0.1572,0
1.0343,0.0024389,1.0714e-23,3.4708,4.8069,0.6,-0.1568,0
1.0344,0.0024628,-1.036e-23,3.4669,4.8023,0.6,-0.1564,0
1.0344,0.0024869,-3.1447e-23,3.463,4.7976,0.6,-0.156,0
1.0345,0.0025111,-5.2535e-23,3.4591,4.7929,0.6,-0.1556,0
1.0345,0.0025352,-7.3622e-23,3.4551,4.7883,0.6,-0.1552,0
1.0345,0.0025593,-9.471e-23,3.4512,4.7836,0.6,-0.1548,0
1.0346,0.0025834,-1.158e-22,3.4473,4.779,0.6,-0.1544,0
1.0346,0.0026076,-1.3689e-22,3.4434,4.7743,0.6,-0.154,0
1.0346,0.0026317,-1.5797e-22,3.4394,4.7696,0.6,-0.1536,0
1.0347,0.0026561,-1.5827e-22,3.4355,4.765,0.6,-0.1532,0
1.0347,0.0026811,-1.1684e-22,3.4316,4.7602,0.6,-0.1528,0
1.0347,0.002706,-7.5411e-23,3.4277,4.7555,0.6,-0.1524,0
1.0347,0.002731,-3.3978e-23,3.4237,4.7508,0.6,-0.152,0
1.0347,0.002756,7.4522e-24,3.4198,4.7461,0.6,-0.1516,0
1.0347,0.0027809,4.8884e-23,3.4159,4.7414,0.6,-0.1512,0
1.0347,0.0028059,9.0315e-23,3.412,4.7367,0.6,-0.1508,0
1.0347,0.0028309,1.3175e-22,3.408,4.732,0.6,-0.1504,0
1.0347,0.0028558,1.7318e-22,3.4041,4.7273,0.6,-0.15,0
1.0347,0.0028818,1.5281e-22,3.4002,4.7226,0.6,-0.1496,0
1.0347,0.0029079,1.3244e-22,3.3962,4.7178,0.6,-0.1492,0
1.0347,0.0029339,1.1207e-22,3.3923,4.7131,0.6,-0.1488,0
1.0346,0.0029599,9.1703e-23,3.3884,4.7084,0.6,-0.1484,0
1.0346,0.002986,7.1334e-23,3.3845,4.7036,0.6,-0.148,0
1.0346,0.003012,5.0965e-23,3.3805,4.6989,0.6,-0.1476,0
1.0346,0.003038,3.0597e-23,3.3766,4.6942,0.6,-0.1472,0
1.0346,0.0030641,1.0228e-23,3.3727,4.6894,0.6,-0.1468,0
1.0345,0.0030909,-1.0149e-23,3.3688,4.6847,0.6,-0.1464,0
1.0345,0.0031182,-3.0531e-23,3.3648,4.6799,0.6,-0.146,0
1.0345,0.0031455,-5.0912e-23,3.3609,4.6752,0.6,-0.1456,0
1.0344,0.0031728,-7.1294e-23,3.357,4.6704,0.6,-0.1452,0
1.0344,0.0032001,-9.1675e-23,3.353,4.6656,0.6,-0.1448,0
1.0344,0.0032274,-1.1206e-22,3.3491,4.6609,0.6,-0.1444,0
1.0343,0.0032547,-1.3244e-22,3.3452,4.6561,0.6,-0.144,0
1.0343,0.003282,-1.5282e-22,3.3413,4.6514,0.6,-0.1436,0
1.0342,0.0033097,-1.5308e-22,3.3373,4.6466,0.6,-0.1432,0
1.0342,0.0033384,-1.1296e-22,3.3334,4.6418,0.6,-0.1428,0
1.0341,0.003367,-7.2842e-23,3.3295,4.6371,0.6,-0.1424,0
1.0341,0.0033957,-3.2721e-23,3.3256,4.6323,0.6,-0.142,0
1.034,0.0034243,7.4003e-24,3.3216,4.6275,0.6,-0.1416,0
1.034,0.003453,4.7521e-23,3.3177,4.6227,0.6,-0.1412,0
1.0339,0.0034816,8.7642e-23,3.3138,4.6179,0.6,-0.1408,0
1.0339,0.0035103,1.2776e-22,3.3098,4.6132,0.6,-0.1404,0
1.0338,0.0035389,1.6788e-22,3.3059,4.6084,0.6,-0.14,0
1.0338,0.0035692,1.4813e-22,3.302,4.6036,0.6,-0.1396,0
1.0337,0.0035994,1.2838e-22,3.2981,4.5988,0.6,-0.1392,0
1.0336,0.0036296,1.0863e-22,3.2941,4.594,0.6,-0.1388,0
1.0336,0.0036598,8.8885e-23,3.2902,4.5892,0.6,-0.1384,0
1.0335,0.0036901,6.9135e-23,3.2863,4.5844,0.6,-0.138,0
1.0334,0.0037203,4.9386e-23,3.2823,4.5796,0.6,-0.1376,0
1.0334,0.0037505,2.9636e-23,3.2784,4.5748,0.6,-0.1372,0
1.0333,0.0037807,9.8865e-24,3.2745,4.57,0.6,-0.1368,0
1.0333,0.0038122,3.0549e-24,3.2706,4.5652,0.6,-0.1364,0
1.0332,0.0038442,2.6588e-24,3.2666,4.5604,0.6,-0.136,0
1.0331,0.0038762,2.2626e-24,3.2627,4.5556,0.6,-0.1356,0
1.033,0.0039082,1.8665e-24,3.2588,4.5508,0.6,-0.1352,0
1.033,0.0039402,1.4704e-24,3.2548,4.546,0.6,-0.1348,0
1.0329,0.0039722,1.0743e-24,3.2509,4.5412,0.6,-0.1344,0
1.0328,0.0040042,6.7814e-25,3.247,4.5364,0.6,-0.134,0
1.0327,0.0040362,2.82e-25,3.2431,4.5316,0.6,-0.1336,0
1.0327,0.0040688,6.5183e-24,3.2391,4.5268,0.6,-0.1332,0
1.0326,0.0041027,2.6071e-23,3.2352,4.522,0.6,-0.1328,0
1.0325,0.0041365,4.5622e-23,3.2313,4.5172,0.6,-0.1324,0
1.0324,0.0041704,6.5175e-23,3.2273,4.5123,0.6,-0.132,0
1.0323,0.0042043,8.4727e-23,3.2234,4.5075,0.6,-0.1316,0
1.0322,0.0042382,1.0428e-22,3.2195,4.5027,0.6,-0.1312,0
1.0322,0.0042721,1.2383e-22,3.2156,4.4979,0.6,-0.1308,0
1.0321,0.0043059,1.4338e-22,3.2116,4.4931,0.6,-0.1304,0
1.032,0.0043398,1.6294e-22,3.2077,4.4882,0.6,-0.13,0
1.0319,0.0043757,1.3389e-22,3.2038,4.4834,0.6,-0.1296,0
1.0318,0.0044116,1.0484e-22,3.1998,4.4786,0.6,-0.1292,0
1.0317,0.0044474,7.5794e-23,3.1959,4.4738,0.6,-0.1288,0
1.0316,0.0044833,4.6747e-23,3.192,4.4689,0.6,-0.1284,0
1.0315,0.0045192,1.77e-23,3.188,4.4641,0.6,-0.128,0
1.0314,0.0045551,-1.1348e-23,3.1841,4.4593,0.6,-0.1276,0
1.0313,0.0045909,-4.0394e-23,3.1802,4.4544,0.6,-0.1272,0
1.0312,0.0046268,-6.9442e-23,3.1763,4.4496,0.6,-0.1268,0
1.0311,0.0046642,-7.2755e-23,3.1723,4.4448,0.6,-0.1264,0
1.031,0.0047023,-6.3247e-23,3.1684,4.4399,0.6,-0.126,0
1.0309,0.0047403,-5.3739e-23,3.1645,4.4351,0.6,-0.1256,0
1.0308,0.0047784,-4.4232e-23,3.1605,4.4303,0.6,-0.1252,0
1.0307,0.0048165,-3.4724e-23,3.1566,4.4254,0.6,-0.1248,0
1.0306,0.0048546,-2.5217e-23,3.1527,4.4206,0.6,-0.1244,0
1.0305,0.0048927,-1.5709e-23,3.1488,4.4157,0.6,-0.124,0
1.0304,0.0049307,-6.2011e-24,3.1448,4.4109,0.6,-0.1236,0
1.0303,0.0049696,1.9842e-25,3.1409,4.406,0.6,-0.1232,0
1.0302,0.0050101,3.5847e-25,3.137,4.4012,0.6,-0.1228,0
1.0301,0.0050507,5.1852e-25,3.1331,4.3963,0.6,-0.1224,0
1.03,0.0050912,6.7858e-25,3.1291,4.3915,0.6,-0.122,0
1.0299,0.0051317,8.3863e-25,3.1252,4.3866,0.6,-0.1216,0
1.0297,0.0051722,9.9868e-25,3.1213,4.3818,0.6,-0.1212,0
1.0296,0.0052127,1.1587e-24,3.1173,4.3769,0.6,-0.1208,0
1.0295,0.0052532,1.3188e-24,3.1134,4.3721,0.6,-0.1204,0
1.0294,0.0052937,1.4788e-24,3.1095,4.3672,0.6,-0.12,0
1.0293,0.0053369,-7.9319e-24,3.1056,4.3623,0.6,-0.1196,0
1.0291,0.0053801,-1.7343e-23,3.1016,4.3575,0.6,-0.1192,0
1.029,0.0054232,-2.6754e-23,3.0977,4.3526,0.6,-0.1188,0
1.0289,0.0054664,-3.6165e-23,3.0938,4.3477,0.6,-0.1184,0
1.0288,0.0055096,-4.5576e-23,3.0898,4.3428,0.6,-0.118,0
1.0286,0.0055527,-5.4987e-23,3.0859,4.338,0.6,-0.1176,0
1.0285,0.0055959,-6.4398e-23,3.082,4.3331,0.6,-0.1172,0
1.0284,0.0056391,-7.3808e-23,3.0781,4.3282,0.6,-0.1168,0
1.0282,0.0056842,-7.0643e-23,3.0741,4.3233,0.6,-0.1164,0
1.0281,0.0057303,-6.1213e-23,3.0702,4.3184,0.6,-0.116,0
1.0279,0.0057764,-5.1783e-23,3.0663,4.3136,0.6,-0.1156,0
1.0278,0.0058225,-4.2353e-23,3.0623,4.3087,0.6,-0.1152,0
1.0277,0.0058686,-3.2923e-23,3.0584,4.3038,0.6,-0.1148,0
1.0275,0.0059147,-2.3493e-23,3.0545,4.2989,0.6,-0.1144,0
1.0274,0.0059608,-1.4063e-23,3.0506,4.294,0.6,-0.114,0
1.0272,0.0060069,-4.6325e-24,3.0466,4.2891,0.6,-0.1136,0
1.0271,0.006054,1.6623e-24,3.0427,4.2842,0.6,-0.1132,0
1.0269,0.0061033,1.6631e-24,3.0388,4.2793,0.6,-0.1128,0
1.0267,0.0061525,1.6639e-24,3.0349,4.2744,0.6,-0.1124,0
1.0266,0.0062018,1.6646e-24,3.0309,4.2695,0.6,-0.112,0
1.0264,0.0062511,1.6654e-24,3.027,4.2646,0.6,-0.1116,0
1.0263,0.0063004,1.6662e-24,3.0231,4.2596,0.6,-0.1112,0
1.0261,0.0063496,1.667e-24,3.0192,4.2547,0.6,-0.1108,0
1.0259,0.0063989,1.6677e-24,3.0152,4.2498,0.6,-0.1104,0
1.0258,0.0064482,1.6685e-24,3.0113,4.2449,0.6,-0.11,0
1.0256,0.0065009,1.6694e-24,3.0074,4.24,0.6,-0.1096,0
1.0254,0.0065536,1.6703e-24,3.0034,4.235,0.6,-0.1092,0
1.0252,0.0066064,1.6713e-24,2.9995,4.2301,0.6,-0.1088,0
1.025,0.0066591,1.6722e-24,2.9956,4.2251,0.6,-0.1084,0
1.0248,0.0067118,1.6731e-24,2.9917,4.2202,0.6,-0.108,0
1.0246,0.0067646,1.674e-24,2.9877,4.2152,0.6,-0.1076,0
1.0244,0.0068173,1.675e-24,2.9838,4.2103,0.6,-0.1072,0
1.0243,0.00687,1.6759e-24,2.9799,4.2054,0.6,-0.1068,0
1.0241,0.0069254,1.6769e-24,2.976,4.2004,0.6,-0.1064,0
1.0238,0.0069821,1.678e-24,2.972,4.1954,0.6,-0.106,0
1.0236,0.0070388,1.6791e-24,2.9681,4.1904,0.6,-0.1056,0
1.0234,0.0070955,1.6801e-24,2.9642,4.1855,0.6,-0.1052,0
1.0232,0.0071522,1.6812e-24,2.9603,4.1805,0.6,-0.1048,0
1.023,0.0072089,1.6823e-24,2.9563,4.1755,0.6,-0.1044,0
1.0227,0.0072655,1.6833e-24,2.9524,4.1705,0.6,-0.104,0
1.0225,0.0073222,1.6844e-24,2.9485,4.1656,0.6,-0.1036,0
1.0223,0.0073804,4.6762e-24,2.9446,4.1606,0.6,-0.1032,0
1.022,0.0074416,1.3672e-23,2.9406,4.1555,0.6,-0.1028,0
1.0218,0.0075027,2.2668e-23,2.9367,4.1505,0.6,-0.1024,0
1.0215,0.0075639,3.1665e-23,2.9328,4.1455,0.6,-0.102,0
1.0212,0.0076251,4.0661e-23,2.9289,4.1405,0.6,-0.1016,0
1.021,0.0076862,4.9657e-23,2.925,4.1354,0.6,-0.1012,0
1.0207,0.0077474,5.8653e-23,2.921,4.1304,0.6,-0.1008,0
1.0205,0.0078085,6.7649e-23,2.9171,4.1254,0.6,-0.1004,0
1.0202,0.0078697,7.6645e-23,2.9132,4.1204,0.6,-0.1,0
1.0199,0.0079359,6.7586e-23,2.9093,4.1153,0.6,-0.0996,0
1.0196,0.0080021,5.8527e-23,2.9053,4.1102,0.6,-0.0992,0
1.0193,0.0080683,4.9468e-23,2.9014,4.1051,0.6,-0.0988,0
1.019,0.0081345,4.0409e-23,2.8975,4.1,0.6,-0.0984,0
1.0187,0.0082007,3.135e-23,2.8936,4.0949,0.6,-0.098,0
1.0183,0.0082669,2.229e-23,2.8897,4.0898,0.6,-0.0976,0
1.018,0.0083331,1.3231e-23,2.8857,4.0848,0.6,-0.0972,0
1.0177,0.0083992,4.1721e-24,2.8818,4.0797,0.6,-0.0968,0
1.0174,0.0084694,-4.8425e-24,2.8779,4.0745,0.6,-0.0964,0
1.017,0.0085415,-1.3835e-23,2.874,4.0694,0.6,-0.096,0
1.0166,0.0086135,-2.2827e-23,2.8701,4.0642,0.6,-0.0956,0
1.0162,0.0086856,-3.182e-23,2.8661,4.059,0.6,-0.0952,0
1.0158,0.0087577,-4.0812e-23,2.8622,4.0539,0.6,-0.0948,0
1.0155,0.0088298,-4.9804e-23,2.8583,4.0487,0.6,-0.0944,0
1.0151,0.0089019,-5.8797e-23,2.8544,4.0435,0.6,-0.094,0
1.0147,0.008974,-6.7789e-23,2.8505,4.0384,0.6,-0.0936,0
1.0143,0.0090484,-7.0765e-23,2.8465,4.0332,0.6,-0.0932,0
1.0138,0.0091274,-6.1703e-23,2.8426,4.0279,0.6,-0.0928,0
1.0133,0.0092064,-5.2641e-23,2.8387,4.0226,0.6,-0.0924,0
1.0128,0.0092854,-4.3579e-23,2.8348,4.0173,0.6,-0.092,0
1.0124,0.0093644,-3.4517e-23,2.8309,4.012,0.6,-0.0916,0
1.0119,0.0094434,-2.5455e-23,2.827,4.0068,0.6,-0.0912,0
1.0114,0.0095224,-1.6393e-23,2.823,4.0015,0.6,-0.0908,0
1.0109,0.0096014,-7.3305e-24,2.8191,3.9962,0.6,-0.0904,0
1.0105,0.0096804,1.7315e-24,2.8152,3.9909,0.6,-0.09,0
1.0099,0.0097674,1.0602e-23,2.8113,3.9855,0.6,-0.0896,0
1.0093,0.0098545,1.9472e-23,2.8074,3.9801,0.6,-0.0892,0
1.0086,0.0099415,2.8343e-23,2.8035,3.9746,0.6,-0.0888,0
1.008,0.010029,3.7213e-23,2.7995,3.9692,0.6,-0.0884,0
1.0074,0.010116,4.6084e-23,2.7956,3.9638,0.6,-0.088,0
1.0068,0.010203,5.4954e-23,2.7917,3.9583,0.6,-0.0876,0
1.0062,0.01029,6.3825e-23,2.7878,3.9529,0.6,-0.0872,0
1.0056,0.010377,7.2695e-23,2.7839,3.9475,0.6,-0.0868,0
1.0049,0.01047,6.9687e-23,2.78,3.9419,0.6,-0.0864,0
1.0041,0.010566,6.0741e-23,2.7761,3.9363,0.6,-0.086,0
1.0033,0.010663,5.1795e-23,2.7722,3.9307,0.6,-0.0856,0
1.0025,0.010759,4.2849e-23,2.7682,3.925,0.6,-0.0852,0
1.0017,0.010855,3.3904e-23,2.7643,3.9194,0.6,-0.0848,0
1.001,0.010951,2.4958e-23,2.7604,3.9138,0.6,-0.0844,0
1.0002,0.011048,1.6012e-23,2.7565,3.9081,0.6,-0.084,0
0.99939,0.011144,7.0663e-24,2.7526,3.9025,0.6,-0.0836,0
0.99853,0.011243,1.084e-24,2.7487,3.8968,0.6,-0.0832,0
0.99751,0.01135,1.0307e-24,2.7448,3.8909,0.6,-0.0828,0
0.9965,0.011456,9.7735e-25,2.7409,3.885,0.6,-0.0824,0
0.99548,0.011563,9.2404e-25,2.737,3.8791,0.6,-0.082,0
0.99446,0.011669,8.7072e-25,2.7331,3.8732,0.6,-0.0816,0
0.99344,0.011776,8.174e-25,2.7292,3.8673,0.6,-0.0812,0
0.99242,0.011882,7.6409e-25,2.7253,3.8614,0.6,-0.0808,0
0.9914,0.011989,7.1077e-25,2.7214,3.8555,0.6,-0.0804,0
0.99039,0.012095,6.5745e-25,2.7175,3.8496,0.6,-0.08,0
0.98908,0.012212,9.4992e-24,2.7136,3.8433,0.6,-0.0796,0
0.98777,0.012329,1.8341e-23,2.7097,3.8371,0.6,-0.0792,0
0.98646,0.012446,2.7183e-23,2.7058,3.8309,0.6,-0.0788,0
0.98515,0.012563,3.6024e-23,2.7019,3.8247,0.6,-0.0784,0
0.98384,0.01268,4.4866e-23,2.698,3.8184,0.6,-0.078,0
0.98252,0.012797,5.3708e-23,2.6941,3.8122,0.6,-0.0776,0
0.98121,0.012913,6.2549e-23,2.6902,3.806,0.6,-0.0772,0
0.9799,0.01303,7.1391e-23,2.6863,3.7998,0.6,-0.0768,0
0.97837,0.013154,6.839e-23,2.6824,3.7933,0.6,-0.0764,0
0.97673,0.01328,5.947e-23,2.6785,3.7867,0.6,-0.076,0
0.97508,0.013407,5.0549e-23,2.6746,3.7801,0.6,-0.0756,0
0.97344,0.013534,4.1629e-23,2.6707,3.7735,0.6,-0.0752,0
0.97179,0.01366,3.2709e-23,2.6668,3.767,0.6,-0.0748,0
0.97015,0.013787,2.3788e-23,2.6629,3.7604,0.6,-0.0744,0
0.9685,0.013914,1.4868e-23,2.659,3.7538,0.6,-0.074,0
0.96686,0.01404,5.9477e-24,2.6551,3.7472,0.6,-0.0736,0
0.9651,0.014169,-2.9098e-24,2.6512,3.7405,0.6,-0.0732,0
0.96311,0.014304,-1.1642e-23,2.6473,3.7335,0.6,-0.0728,0
0.96113,0.014438,-2.0373e-23,2.6435,3.7266,0.6,-0.0724,0
0.95914,0.014573,-2.9105e-23,2.6396,3.7197,0.6,-0.072,0
0.95715,0.014707,-3.7837e-23,2.6357,3.7127,0.6,-0.0716,0
0.95517,0.014841,-4.6569e-23,2.6318,3.7058,0.6,-0.0712,0
0.95318,0.014976,-5.5301e-23,2.6279,3.6988,0.6,-0.0708,0
0.95119,0.01511,-6.4033e-23,2.624,3.6919,0.6,-0.0704,0
0.94921,0.015245,-7.2764e-23,2.6202,3.685,0.6,-0.07,0
0.94691,0.015384,-7.2654e-23,2.6163,3.6777,0.6,-0.0696,0
0.94462,0.015523,-7.2545e-23,2.6124,3.6705,0.6,-0.0692,0
0.94233,0.015662,-7.2435e-23,2.6085,3.6633,0.6,-0.0688,0
0.94004,0.015801,-7.2325e-23,2.6046,3.656,0.6,-0.0684,0
0.93774,0.01594,-7.2215e-23,2.6008,3.6488,0.6,-0.068,0
0.93545,0.01608,-7.2105e-23,2.5969,3.6416,0.6,-0.0676,0
0.93316,0.016219,-7.1995e-23,2.593,3.6343,0.6,-0.0672,0
0.93086,0.016358,-7.1886e-23,2.5891,3.6271,0.6,-0.0668,0
0.92841,0.016498,-6.5953e-23,2.5853,3.6197,0.6,-0.0664,0
0.92589,0.016638,-5.7111e-23,2.5814,3.6123,0.6,-0.066,0
0.92336,0.016778,-4.8269e-23,2.5775,3.6049,0.6,-0.0656,0
0.92084,0.016918,-3.9427e-23,2.5737,3.5975,0.6,-0.0652,0
0.91831,0.017059,-3.0584e-23,2.5698,3.59,0.6,-0.0648,0
0.91578,0.017199,-2.1742e-23,2.5659,3.5826,0.6,-0.0644,0
0.91326,0.017339,-1.29e-23,2.5621,3.5752,0.6,-0.064,0
0.91073,0.017479,-4.0576e-24,2.5582,3.5678,0.6,-0.0636,0
0.90816,0.017618,4.7248e-24,2.5543,3.5603,0.6,-0.0632,0
0.90549,0.017755,1.3387e-23,2.5505,3.5528,0.6,-0.0628,0
0.90282,0.017892,2.205e-23,2.5466,3.5453,0.6,-0.0624,0
0.90016,0.018029,3.0712e-23,2.5427,3.5378,0.6,-0.062,0
0.89749,0.018166,3.9375e-23,2.5389,3.5303,0.6,-0.0616,0
0.89483,0.018303,4.8037e-23,2.535,3.5228,0.6,-0.0612,0
0.89216,0.018439,5.67e-23,2.5312,3.5153,0.6,-0.0608,0
0.88949,0.018576,6.5362e-23,2.5273,3.5078,0.6,-0.0604,0
0.88683,0.018713,7.4025e-23,2.5234,3.5003,0.6,-0.06,0
0.88412,0.018842,7.3914e-23,2.5196,3.4928,0.6,-0.0596,0
0.88141,0.01897,7.3803e-23,2.5157,3.4854,0.6,-0.0592,0
0.87871,0.019099,7.3693e-23,2.5119,3.4779,0.6,-0.0588,0
0.876,0.019228,7.3582e-23,2.508,3.4704,0.6,-0.0584,0
0.87329,0.019356,7.3471e-23,2.5042,3.463,0.6,-0.058,0
0.87059,0.019485,7.336e-23,2.5003,3.4555,0.6,-0.0576,0
0.86788,0.019614,7.325e-23,2.4965,3.448,0.6,-0.0572,0
0.86518,0.019742,7.3139e-23,2.4926,3.4406,0.6,-0.0568,0
0.86251,0.019862,6.7253e-23,2.4888,3.4332,0.6,-0.0564,0
0.85985,0.019978,5.8481e-23,2.4849,3.4259,0.6,-0.056,0
0.8572,0.020093,4.9709e-23,2.4811,3.4185,0.6,-0.0556,0
0.85454,0.020208,4.0937e-23,2.4772,3.4112,0.6,-0.0552,0
0.85189,0.020324,3.2165e-23,2.4734,3.4039,0.6,-0.0548,0
0.84924,0.020439,2.3393e-23,2.4695,3.3965,0.6,-0.0544,0
0.84658,0.020555,1.4621e-23,2.4657,3.3892,0.6,-0.054,0
0.84393,0.02067,5.8488e-24,2.4618,3.3819,0.6,-0.0536,0
0.84132,0.02078,-2.8557e-24,2.458,3.3746,0.6,-0.0532,0
0.8388,0.020877,-1.1425e-23,2.4541,3.3675,0.6,-0.0528,0
0.83627,0.020975,-1.9994e-23,2.4503,3.3603,0.6,-0.0524,0
0.83375,0.021072,-2.8563e-23,2.4464,3.3532,0.6,-0.052,0
0.83123,0.02117,-3.7133e-23,2.4426,3.3461,0.6,-0.0516,0
0.8287,0.021268,-4.5702e-23,2.4388,3.339,0.6,-0.0512,0
0.82618,0.021365,-5.4271e-23,2.4349,3.3318,0.6,-0.0508,0
0.82366,0.021463,-6.2841e-23,2.4311,3.3247,0.6,-0.0504,0
0.82114,0.02156,-7.141e-23,2.4272,3.3176,0.6,-0.05,0
0.8188,0.021637,-7.1294e-23,2.4234,3.3107,0.6,-0.0496,0
0.81646,0.021713,-7.1179e-23,2.4196,3.3038,0.6,-0.0492,0
0.81413,0.021789,-7.1064e-23,2.4157,3.2969,0.6,-0.0488,0
0.81179,0.021865,-7.0948e-23,2.4119,3.2901,0.6,-0.0484,0
0.80946,0.021941,-7.0833e-23,2.408,3.2832,0.6,-0.048,0
0.80712,0.022018,-7.0718e-23,2.4042,3.2763,0.6,-0.0476,0
0.80479,0.022094,-7.0602e-23,2.4004,3.2694,0.6,-0.0472,0
0.80245,0.02217,-7.0487e-23,2.3965,3.2625,0.6,-0.0468,0
0.80026,0.02223,-4.7712e-23,2.3927,3.2558,0.6,-0.0464,0
0.79815,0.022283,-1.3612e-23,2.3888,3.2492,0.6,-0.046,0
0.79604,0.022336,2.0488e-23,2.385,3.2426,0.6,-0.0456,0
0.79392,0.022388,5.4589e-23,2.3812,3.236,0.6,-0.0452,0
0.79181,0.022441,8.8689e-23,2.3773,3.2294,0.6,-0.0448,0
0.7897,0.022494,1.2279e-22,2.3735,3.2228,0.6,-0.0444,0
0.78758,0.022546,1.5689e-22,2.3697,3.2161,0.6,-0.044,0
0.78547,0.022599,1.9099e-22,2.3658,3.2095,0.6,-0.0436,0
0.78343,0.022644,2.1361e-22,2.362,3.203,0.6,-0.0432,0
0.78155,0.022673,2.1326e-22,2.3581,3.1966,0.6,-0.0428,0
0.77967,0.022701,2.1291e-22,2.3543,3.1903,0.6,-0.0424,0
0.77779,0.02273,2.1256e-22,2.3505,3.1839,0.6,-0.042,0
0.77591,0.022759,2.1221e-22,2.3466,3.1776,0.6,-0.0416,0
0.77403,0.022788,2.1186e-22,2.3428,3.1712,0.6,-0.0412,0
0.77215,0.022816,2.1151e-22,2.339,3.1649,0.6,-0.0408,0
0.77028,0.022845,2.1117e-22,2.3351,3.1585,0.6,-0.0404,0
0.7684,0.022874,2.1082e-22,2.3313,3.1522,0.6,-0.04,0
0.76674,0.02288,1.5169e-22,2.3275,3.146,0.6,-0.0396,0
0.76509,0.022886,9.2574e-23,2.3236,3.1399,0.6,-0.0392,0
0.76344,0.022892,3.3453e-23,2.3198,3.1338,0.6,-0.0388,0
0.76178,0.022898,-2.5668e-23,2.3159,3.1277,0.6,-0.0384,0
0.76013,0.022904,-8.479e-23,2.3121,3.1216,0.6,-0.038,0
0.75848,0.02291,-1.4391e-22,2.3083,3.1155,0.6,-0.0376,0
0.75682,0.022916,-2.0303e-22,2.3044,3.1093,0.6,-0.0372,0
0.75517,0.022923,-2.6215e-22,2.3006,3.1032,0.6,-0.0368,0
0.75365,0.022915,-2.5951e-22,2.2967,3.0972,0.6,-0.0364,0
0.7522,0.022901,-2.2601e-22,2.2929,3.0913,0.6,-0.036,0
0.75076,0.022887,-1.925e-22,2.2891,3.0854,0.6,-0.0356,0
0.74931,0.022873,-1.5899e-22,2.2852,3.0795,0.6,-0.0352,0
0.74786,0.022859,-1.2548e-22,2.2814,3.0736,0.6,-0.0348,0
0.74641,0.022845,-9.1976e-23,2.2775,3.0677,0.6,-0.0344,0
0.74496,0.022831,-5.8469e-23,2.2737,3.0618,0.6,-0.034,0
0.74351,0.022817,-2.4961e-23,2.2699,3.0559,0.6,-0.0336,0
0.74212,0.022798,3.2283e-25,2.266,3.05,0.6,-0.0332,0
0.74085,0.022767,9.1534e-24,2.2622,3.0443,0.6,-0.0328,0
0.73957,0.022737,1.7984e-23,2.2583,3.0385,0.6,-0.0324,0
0.7383,0.022706,2.6815e-23,2.2545,3.0328,0.6,-0.032,0
0.73703,0.022676,3.5645e-23,2.2507,3.0271,0.6,-0.0316,0
0.73575,0.022645,4.4476e-23,2.2468,3.0213,0.6,-0.0312,0
0.73448,0.022615,5.3306e-23,2.243,3.0156,0.6,-0.0308,0
0.73321,0.022584,6.2137e-23,2.2391,3.0098,0.6,-0.0304,0
0.73193,0.022554,7.0967e-23,2.2353,3.0041,0.6,-0.03,0
0.7308,0.022511,3.7812e-23,2.2314,2.9985,0.6,-0.0296,0
0.72966,0.022468,4.6571e-24,2.2276,2.9929,0.6,-0.0292,0
0.72853,0.022425,-2.8498e-23,2.2237,2.9873,0.6,-0.0288,0
0.72739,0.022382,-6.1653e-23,2.2199,2.9817,0.6,-0.0284,0
0.72626,0.022339,-9.4809e-23,2.2161,2.9761,0.6,-0.028,0
0.72512,0.022296,-1.2796e-22,2.2122,2.9704,0.6,-0.0276,0
0.72399,0.022253,-1.6112e-22,2.2084,2.9648,0.6,-0.0272,0
0.72285,0.02221,-1.9427e-22,2.2045,2.9592,0.6,-0.0268,0
0.72179,0.022162,-1.8341e-22,2.2007,2.9537,0.6,-0.0264,0
0.72075,0.02211,-1.5055e-22,2.1968,2.9482,0.6,-0.026,0
0.71972,0.022059,-1.1768e-22,2.193,2.9427,0.6,-0.0256,0
0.71869,0.022007,-8.4819e-23,2.1891,2.9372,0.6,-0.0252,0
0.71766,0.021956,-5.1956e-23,2.1853,2.9316,0.6,-0.0248,0
0.71662,0.021905,-1.9092e-23,2.1814,2.9261,0.6,-0.0244,0
0.71559,0.021853,1.3772e-23,2.1776,2.9206,0.6,-0.024,0
0.71456,0.021802,4.6636e-23,2.1737,2.9151,0.6,-0.0236,0
0.71355,0.021749,7.1137e-23,2.1699,2.9096,0.6,-0.0232,0
0.71259,0.021693,7.8905e-23,2.166,2.9042,0.6,-0.0228,0
0.71163,0.021637,8.6672e-23,2.1621,2.8987,0.6,-0.0224,0
0.71067,0.021581,9.444e-23,2.1583,2.8933,0.6,-0.022,0
0.7097,0.021525,1.0221e-22,2.1544,2.8878,0.6,-0.0216,0
0.70874,0.021469,1.0998e-22,2.1506,2.8824,0.6,-0.0212,0
0.70778,0.021413,1.1774e-22,2.1467,2.8769,0.6,-0.0208,0
0.70682,0.021357,1.2551e-22,2.1429,2.8715,0.6,-0.0204,0
0.70585,0.021302,1.3328e-22,2.139,2.866,0.6,-0.02,0
0.70493,0.021244,1.2505e-22,2.1352,2.8606,0.6,-0.0196,0
0.70401,0.021187,1.1682e-22,2.1313,2.8552,0.6,-0.0192,0
0.70309,0.02113,1.086e-22,2.1274,2.8498,0.6,-0.0188,0
0.70217,0.021073,1.0037e-22,2.1236,2.8444,0.6,-0.0184,0
0.70125,0.021016,9.2143e-23,2.1197,2.839,0.6,-0.018,0
0.70033,0.020959,8.3916e-23,2.1159,2.8336,0.6,-0.0176,0
0.69941,0.020902,7.5689e-23,2.112,2.8282,0.6,-0.0172,0
0.69849,0.020844,6.7461e-23,2.1082,2.8228,0.6,-0.0168,0
0.69758,0.020788,5.4259e-23,2.1043,2.8174,0.6,-0.0164,0
0.69668,0.020733,3.8569e-23,2.1004,2.812,0.6,-0.016,0
0.69578,0.020678,2.2879e-23,2.0966,2.8066,0.6,-0.0156,0
0.69488,0.020622,7.1891e-24,2.0927,2.8012,0.6,-0.0152,0
0.69398,0.020567,-8.5007e-24,2.0888,2.7959,0.6,-0.0148,0
0.69308,0.020511,-2.4191e-23,2.085,2.7905,0.6,-0.0144,0
0.69218,0.020456,-3.988e-23,2.0811,2.7851,0.6,-0.014,0
0.69128,0.0204,-5.557e-23,2.0773,2.7797,0.6,-0.0136,0
0.69038,0.020346,-6.5991e-23,2.0734,2.7743,0.6,-0.0132,0
0.68949,0.020295,-6.587e-23,2.0695,2.7689,0.6,-0.0128,0
0.68859,0.020243,-6.575e-23,2.0657,2.7636,0.6,-0.0124,0
0.68769,0.020191,-6.5629e-23,2.0618,2.7582,0.6,-0.012,0
0.6868,0.02014,-6.5508e-23,2.0579,2.7528,0.6,-0.0116,0
0.6859,0.020088,-6.5387e-23,2.0541,2.7474,0.6,-0.0112,0
0.68501,0.020037,-6.5266e-23,2.0502,2.7421,0.6,-0.0108,0
0.68411,0.019985,-6.5146e-23,2.0463,2.7367,0.6,-0.0104,0
0.68321,0.019934,-6.5025e-23,2.0425,2.7313,0.6,-0.01,0
0.68231,0.019888,-5.7222e-23,2.0386,2.7259,0.6,-0.0096,0
0.68141,0.019842,-4.9419e-23,2.0348,2.7205,0.6,-0.0092,0
0.68051,0.019796,-4.1616e-23,2.0309,2.7152,0.6,-0.0088,0
0.67961,0.019751,-3.3813e-23,2.027,2.7098,0.6,-0.0084,0
0.6787,0.019705,-2.601e-23,2.0232,2.7044,0.6,-0.008,0
0.6778,0.019659,-1.8207e-23,2.0193,2.699,0.6,-0.0076,0
0.6769,0.019613,-1.0404e-23,2.0154,2.6937,0.6,-0.0072,0
0.676,0.019567,-2.6009e-24,2.0116,2.6883,0.6,-0.0068,0
0.67509,0.019526,-4.6821e-30,2.0077,2.6829,0.6,-0.0064,0
0.67418,0.019487,-1.1705e-29,2.0038,2.6775,0.6,-0.006,0
0.67327,0.019448,-1.8728e-29,1.9999,2.6722,0.6,-0.0056,0
0.67235,0.01941,-2.5751e-29,1.9961,2.6668,0.6,-0.0052,0
0.67144,0.019371,-3.2774e-29,1.9922,2.6614,0.6,-0.0048,0
0.67053,0.019332,-3.9798e-29,1.9883,2.656,0.6,-0.0044,0
0.66962,0.019293,-4.6821e-29,1.9845,2.6506,0.6,-0.004,0
0.66871,0.019254,-5.3844e-29,1.9806,2.6453,0.6,-0.0036,0
0.66779,0.019218,-5.618e-29,1.9767,2.6399,0.6,-0.0032,0
0.66687,0.019186,-4.9143e-29,1.9729,2.6345,0.6,-0.0028,0
0.66595,0.019155,-4.2106e-29,1.969,2.6291,0.6,-0.0024,0
0.66503,0.019124,-3.5069e-29,1.9651,2.6238,0.6,-0.002,0
0.66411,0.019093,-2.8031e-29,1.9613,2.6184,0.6,-0.0016,0
0.66318,0.019062,-2.0994e-29,1.9574,2.613,0.6,-0.0012,0
0.66226,0.01903,-1.3957e-29,1.9535,2.6076,0.6,-0.0008,0
0.66134,0.018999,-6.9197e-30,1.9497,2.6022,0.6,-0.0004,0
0.66042,0.018968,1.175e-31,1.9458,2.5969,0.6,0,0
0.65949,0.018945,7.1406e-30,1.9419,2.5915,0.6,0.0004,0
0.65857,0.018921,1.4164e-29,1.938,2.5861,0.6,0.0008,0
0.65764,0.018898,2.1187e-29,1.9342,2.5807,0.6,0.0012,0
0.65671,0.018875,2.821e-29,1.9303,2.5754,0.6,0.0016,0
0.65579,0.018851,3.5233e-29,1.9264,2.57,0.6,0.002,0
0.65486,0.018828,4.2256e-29,1.9226,2.5646,0.6,0.0024,0
0.65393,0.018805,4.9279e-29,1.9187,2.5592,0.6,0.0028,0
0.653,0.018781,5.6302e-29,1.9148,2.5539,0.6,0.0032,0
0.65208,0.018763,5.3952e-29,1.911,2.5485,0.6,0.0036,0
0.65116,0.018748,4.6915e-29,1.9071,2.5431,0.6,0.004,0
0.65023,0.018732,3.9877e-29,1.9032,2.5378,0.6,0.0044,0
0.64931,0.018717,3.284e-29,1.8994,2.5324,0.6,0.0048,0
0.64838,0.018701,2.5803e-29,1.8955,2.5271,0.6,0.0052,0
0.64746,0.018686,1.8766e-29,1.8916,2.5217,0.6,0.0056,0
0.64654,0.01867,1.1729e-29,1.8878,2.5163,0.6,0.006,0
0.64561,0.018654,4.6915e-30,1.8839,2.511,0.6,0.0064,0
0.64469,0.018641,-2.3094e-24,1.88,2.5056,0.6,0.0068,0
0.64378,0.018633,-9.2377e-24,1.8761,2.5003,0.6,0.0072,0
0.64287,0.018625,-1.6166e-23,1.8723,2.4949,0.6,0.0076,0
0.64196,0.018616,-2.3094e-23,1.8684,2.4896,0.6,0.008,0
0.64105,0.018608,-3.0023e-23,1.8645,2.4842,0.6,0.0084,0
0.64014,0.0186,-3.6951e-23,1.8607,2.4789,0.6,0.0088,0
0.63923,0.018591,-4.3879e-23,1.8568,2.4736,0.6,0.0092,0
0.63832,0.018583,-5.0808e-23,1.8529,2.4682,0.6,0.0096,0
0.63741,0.018575,-5.7736e-23,1.8491,2.4629,0.6,0.01,0
0.63653,0.018573,-5.7613e-23,1.8452,2.4576,0.6,0.0104,0
0.63565,0.018571,-5.749e-23,1.8413,2.4523,0.6,0.0108,0
0.63476,0.018569,-5.7367e-23,1.8375,2.4469,0.6,0.0112,0
0.63388,0.018567,-5.7244e-23,1.8336,2.4416,0.6,0.0116,0
0.633,0.018565,-5.7121e-23,1.8297,2.4363,0.6,0.012,0
0.63211,0.018563,-5.6998e-23,1.8259,2.431,0.6,0.0124,0
0.63123,0.018561,-5.6875e-23,1.822,2.4257,0.6,0.0128,0
0.63035,0.018559,-5.6752e-23,1.8181,2.4204,0.6,0.0132,0
0.6295,0.01856,-4.7542e-23,1.8143,2.4151,0.6,0.0136,0
0.62866,0.018563,-3.379e-23,1.8104,2.4098,0.6,0.014,0
0.62782,0.018566,-2.0038e-23,1.8066,2.4046,0.6,0.0144,0
0.62698,0.018569,-6.2864e-24,1.8027,2.3993,0.6,0.0148,0
0.62614,0.018572,7.4655e-24,1.7988,2.394,0.6,0.0152,0
0.6253,0.018575,2.1217e-23,1.795,2.3888,0.6,0.0156,0
0.62446,0.018578,3.4969e-23,1.7911,2.3835,0.6,0.016,0
0.62362,0.018581,4.8721e-23,1.7872,2.3782,0.6,0.0164,0
0.6228,0.018586,6.0043e-23,1.7834,2.373,0.6,0.0168,0
0.62202,0.018592,6.6504e-23,1.7795,2.3678,0.6,0.0172,0
0.62124,0.018599,7.2964e-23,1.7757,2.3626,0.6,0.0176,0
0.62046,0.018605,7.9424e-23,1.7718,2.3574,0.6,0.018,0
0.61968,0.018612,8.5885e-23,1.7679,2.3521,0.6,0.0184,0
0.6189,0.018618,9.2345e-23,1.7641,2.3469,0.6,0.0188,0
0.61812,0.018625,9.8805e-23,1.7602,2.3417,0.6,0.0192,0
0.61734,0.018632,1.0527e-22,1.7564,2.3365,0.6,0.0196,0
0.61656,0.018638,1.1173e-22,1.7525,2.3313,0.6,0.02,0
0.61585,0.018647,1.0478e-22,1.7486,2.3261,0.6,0.0204,0
0.61515,0.018655,9.7832e-23,1.7448,2.321,0.6,0.0208,0
0.61445,0.018664,9.0885e-23,1.7409,2.3159,0.6,0.0212,0
0.61374,0.018673,8.3938e-23,1.7371,2.3107,0.6,0.0216,0
0.61304,0.018681,7.6991e-23,1.7332,2.3056,0.6,0.022,0
0.61233,0.01869,7.0045e-23,1.7293,2.3004,0.6,0.0224,0
0.61163,0.018698,6.3098e-23,1.7255,2.2953,0.6,0.0228,0
0.61093,0.018707,5.6151e-23,1.7216,2.2901,0.6,0.0232,0
0.61028,0.018716,3.6689e-23,1.7178,2.285,0.6,0.0236,0
0.60967,0.018724,1.0971e-23,1.7139,2.2799,0.6,0.024,0
0.60906,0.018733,-1.4746e-23,1.7101,2.2749,0.6,0.0244,0
0.60845,0.018742,-4.0464e-23,1.7062,2.2698,0.6,0.0248,0
0.60784,0.018751,-6.6181e-23,1.7024,2.2647,0.6,0.0252,0
0.60723,0.01876,-9.1899e-23,1.6985,2.2597,0.6,0.0256,0
0.60662,0.018769,-1.1762e-22,1.6947,2.2546,0.6,0.026,0
0.60601,0.018778,-1.4333e-22,1.6908,2.2495,0.6,0.0264,0
0.60543,0.018787,-1.5208e-22,1.6869,2.2445,0.6,0.0268,0
0.60493,0.018795,-1.2688e-22,1.6831,2.2395,0.6,0.0272,0
0.60442,0.018802,-1.0167e-22,1.6792,2.2345,0.6,0.0276,0
0.60392,0.01881,-7.647e-23,1.6754,2.2295,0.6,0.028,0
0.60342,0.018818,-5.1267e-23,1.6715,2.2245,0.6,0.0284,0
0.60291,0.018826,-2.6063e-23,1.6677,2.2196,0.6,0.0288,0
0.60241,0.018834,-8.5963e-25,1.6638,2.2146,0.6,0.0292,0
0.6019,0.018842,2.4344e-23,1.66,2.2096,0.6,0.0296,0
0.6014,0.01885,4.9548e-23,1.6561,2.2046,0.6,0.03,0
0.60102,0.018855,4.4132e-23,1.6523,2.1997,0.6,0.0304,0
0.60064,0.018861,3.8716e-23,1.6485,2.1948,0.6,0.0308,0
0.60025,0.018867,3.33e-23,1.6446,2.1899,0.6,0.0312,0
0.59987,0.018872,2.7884e-23,1.6408,2.185,0.6,0.0316,0
0.59949,0.018878,2.2469e-23,1.6369,2.1801,0.6,0.032,0
0.5991,0.018883,1.7053e-23,1.6331,2.1752,0.6,0.0324,0
0.59872,0.018889,1.1637e-23,1.6292,2.1704,0.6,0.0328,0
0.59834,0.018895,6.2214e-24,1.6254,2.1655,0.6,0.0332,0
0.59804,0.018898,-1.2143e-23,1.6215,2.1606,0.6,0.0336,0
0.59779,0.0189,-3.6979e-23,1.6177,2.1558,0.6,0.034,0
0.59754,0.018903,-6.1816e-23,1.6138,2.1511,0.6,0.0344,0
0.59729,0.018905,-8.6652e-23,1.61,2.1463,0.6,0.0348,0
0.59704,0.018907,-1.1149e-22,1.6062,2.1415,0.6,0.0352,0
0.59679,0.01891,-1.3632e-22,1.6023,2.1367,0.6,0.0356,0
0.59654,0.018912,-1.6116e-22,1.5985,2.1319,0.6,0.036,0
0.59629,0.018914,-1.86e-22,1.5946,2.1271,0.6,0.0364,0
0.59609,0.018915,-1.8849e-22,1.5908,2.1223,0.6,0.0368,0
0.59598,0.018913,-1.463e-22,1.5869,2.1177,0.6,0.0372,0
0.59588,0.018912,-1.041e-22,1.5831,2.113,0.6,0.0376,0
0.59577,0.01891,-6.1903e-23,1.5793,2.1083,0.6,0.038,0
0.59566,0.018908,-1.9706e-23,1.5754,2.1036,0.6,0.0384,0
0.59556,0.018906,2.2492e-23,1.5716,2.0989,0.6,0.0388,0
0.59545,0.018905,6.4689e-23,1.5677,2.0942,0.6,0.0392,0
0.59534,0.018903,1.0689e-22,1.5639,2.0896,0.6,0.0396,0
0.59524,0.018901,1.4908e-22,1.5601,2.0849,0.6,0.04,0
0.59528,0.018895,1.4872e-22,1.5562,2.0803,0.6,0.0404,0
0.59533,0.018888,1.4835e-22,1.5524,2.0757,0.6,0.0408,0
0.59538,0.018882,1.4799e-22,1.5486,2.0712,0.6,0.0412,0
0.59542,0.018875,1.4762e-22,1.5447,2.0666,0.6,0.0416,0
0.59547,0.018869,1.4726e-22,1.5409,2.062,0.6,0.042,0
0.59552,0.018863,1.469e-22,1.537,2.0575,0.6,0.0424,0
0.59556,0.018856,1.4653e-22,1.5332,2.0529,0.6,0.0428,0
0.59561,0.01885,1.4617e-22,1.5294,2.0483,0.6,0.0432,0
0.59577,0.01884,1.3052e-22,1.5255,2.0438,0.6,0.0436,0
0.59598,0.018828,1.0725e-22,1.5217,2.0394,0.6,0.044,0
0.59619,0.018816,8.3966e-23,1.5179,2.0349,0.6,0.0444,0
0.5964,0.018805,6.0687e-23,1.514,2.0305,0.6,0.0448,0
0.59661,0.018793,3.7409e-23,1.5102,2.026,0.6,0.0452,0
0.59682,0.018781,1.413e-23,1.5064,2.0216,0.6,0.0456,0
0.59703,0.01877,-9.1489e-24,1.5025,2.0171,0.6,0.046,0
0.59724,0.018758,-3.2428e-23,1.4987,2.0127,0.6,0.0464,0
0.59751,0.018744,-4.7909e-23,1.4949,2.0083,0.6,0.0468,0
0.5979,0.018727,-4.7788e-23,1.491,2.004,0.6,0.0472,0
0.59828,0.01871,-4.7667e-23,1.4872,1.9996,0.6,0.0476,0
0.59867,0.018692,-4.7546e-23,1.4834,1.9953,0.6,0.048,0
0.59905,0.018675,-4.7425e-23,1.4796,1.991,0.6,0.0484,0
0.59944,0.018657,-4.7305e-23,1.4757,1.9867,0.6,0.0488,0
0.59982,0.01864,-4.7184e-23,1.4719,1.9824,0.6,0.0492,0
0.60021,0.018623,-4.7063e-23,1.4681,1.978,0.6,0.0496,0
0.60059,0.018605,-4.6942e-23,1.4642,1.9737,0.6,0.05,0
0.60116,0.018582,-4.1309e-23,1.4604,1.9695,0.6,0.0504,0
0.60173,0.018558,-3.5676e-23,1.4566,1.9653,0.6,0.0508,0
0.60231,0.018535,-3.0043e-23,1.4527,1.9612,0.6,0.0512,0
0.60288,0.018512,-2.441e-23,1.4489,1.957,0.6,0.0516,0
0.60345,0.018488,-1.8777e-23,1.4451,1.9528,0.6,0.052,0
0.60402,0.018465,-1.3143e-23,1.4413,1.9486,0.6,0.0524,0
0.60459,0.018441,-7.5104e-24,1.4374,1.9444,0.6,0.0528,0
0.60516,0.018418,-1.8773e-24,1.4336,1.9403,0.6,0.0532,0
0.60586,0.01839,3.3744e-24,1.4298,1.9362,0.6,0.0536,0
0.60663,0.018361,8.4352e-24,1.4259,1.9321,0.6,0.054,0
0.60739,0.018331,1.3496e-23,1.4221,1.9281,0.6,0.0544,0
0.60816,0.018301,1.8557e-23,1.4183,1.9241,0.6,0.0548,0
0.60893,0.018272,2.3618e-23,1.4145,1.92,0.6,0.0552,0
0.6097,0.018242,2.8679e-23,1.4106,1.916,0.6,0.0556,0
0.61046,0.018213,3.374e-23,1.4068,1.912,0.6,0.056,0
0.61123,0.018183,3.8801e-23,1.403,1.9079,0.6,0.0564,0
0.61207,0.018151,4.2136e-23,1.3992,1.904,0.6,0.0568,0
0.61304,0.018115,4.2019e-23,1.3953,1.9001,0.6,0.0572,0
0.61402,0.01808,4.1902e-23,1.3915,1.8962,0.6,0.0576,0
0.61499,0.018044,4.1785e-23,1.3877,1.8924,0.6,0.058,0
0.61597,0.018008,4.1668e-23,1.3839,1.8885,0.6,0.0584,0
0.61695,0.017972,4.1551e-23,1.38,1.8846,0.6,0.0588,0
0.61792,0.017936,4.1434e-23,1.3762,1.8807,0.6,0.0592,0
0.6189,0.0179,4.1317e-23,1.3724,1.8769,0.6,0.0596,0
0.61988,0.017865,4.12e-23,1.3685,1.873,0.6,0.06,0
0.62107,0.017823,3.6023e-23,1.3647,1.8693,0.6,0.0604,0
0.62227,0.017781,3.0845e-23,1.3609,1.8656,0.6,0.0608,0
0.62347,0.01774,2.5668e-23,1.3571,1.8619,0.6,0.0612,0
0.62466,0.017698,2.0491e-23,1.3532,1.8582,0.6,0.0616,0
0.62586,0.017656,1.5314e-23,1.3494,1.8545,0.6,0.062,0
0.62705,0.017615,1.0137e-23,1.3456,1.8508,0.6,0.0624,0
0.62825,0.017573,4.96e-24,1.3418,1.8471,0.6,0.0628,0
0.62945,0.017531,-2.1724e-25,1.3379,1.8435,0.6,0.0632,0
0.6308,0.017486,-5.0008e-24,1.3341,1.8399,0.6,0.0636,0
0.63222,0.017439,-9.5877e-24,1.3303,1.8364,0.6,0.064,0
0.63365,0.017392,-1.4175e-23,1.3265,1.8329,0.6,0.0644,0
0.63508,0.017345,-1.8761e-23,1.3226,1.8294,0.6,0.0648,0
0.6365,0.017298,-2.3348e-23,1.3188,1.8259,0.6,0.0652,0
0.63793,0.017251,-2.7935e-23,1.315,1.8224,0.6,0.0656,0
0.63935,0.017203,-3.2522e-23,1.3111,1.8189,0.6,0.066,0
0.64078,0.017156,-3.7109e-23,1.3073,1.8153,0.6,0.0664,0
0.64228,0.017108,-4.0129e-23,1.3035,1.8119,0.6,0.0668,0
0.64394,0.017056,-4.0013e-23,1.2997,1.8086,0.6,0.0672,0
0.6456,0.017004,-3.9896e-23,1.2958,1.8053,0.6,0.0676,0
0.64726,0.016952,-3.978e-23,1.292,1.802,0.6,0.068,0
0.64892,0.0169,-3.9664e-23,1.2882,1.7987,0.6,0.0684,0
0.65058,0.016848,-3.9548e-23,1.2843,1.7954,0.6,0.0688,0
0.65224,0.016796,-3.9432e-23,1.2805,1.7921,0.6,0.0692,0
0.6539,0.016744,-3.9316e-23,1.2767,1.7888,0.6,0.0696,0
0.65556,0.016692,-3.92e-23,1.2729,1.7855,0.6,0.07,0
0.65745,0.016635,-3.4496e-23,1.269,1.7824,0.6,0.0704,0
0.65935,0.016579,-2.9792e-23,1.2652,1.7793,0.6,0.0708,0
0.66124,0.016522,-2.5088e-23,1.2614,1.7762,0.6,0.0712,0
0.66313,0.016465,-2.0384e-23,1.2575,1.7731,0.6,0.0716,0
0.66502,0.016409,-1.568e-23,1.2537,1.77,0.6,0.072,0
0.66691,0.016352,-1.0976e-23,1.2499,1.7669,0.6,0.0724,0
0.6688,0.016295,-6.2717e-24,1.246,1.7638,0.6,0.0728,0
0.67069,0.016239,-1.5676e-24,1.2422,1.7607,0.6,0.0732,0
0.67272,0.016179,2.7374e-24,1.2384,1.7578,0.6,0.0736,0
0.67483,0.016118,6.843e-24,1.2345,1.7549,0.6,0.074,0
0.67694,0.016056,1.0949e-23,1.2307,1.752,0.6,0.0744,0
0.67905,0.015995,1.5054e-23,1.2268,1.7491,0.6,0.0748,0
0.68116,0.015933,1.916e-23,1.223,1.7462,0.6,0.0752,0
0.68326,0.015872,2.3265e-23,1.2192,1.7433,0.6,0.0756,0
0.68537,0.015811,2.7371e-23,1.2153,1.7405,0.6,0.076,0
0.68748,0.015749,3.1477e-23,1.2115,1.7376,0.6,0.0764,0
0.68965,0.015686,3.2862e-23,1.2077,1.7348,0.6,0.0768,0
0.69195,0.015619,2.8804e-23,1.2038,1.7321,0.6,0.0772,0
0.69425,0.015553,2.4747e-23,1.2,1.7294,0.6,0.0776,0
0.69656,0.015486,2.069e-23,1.1961,1.7267,0.6,0.078,0
0.69886,0.01542,1.6632e-23,1.1923,1.724,0.6,0.0784,0
0.70116,0.015353,1.2575e-23,1.1884,1.7213,0.6,0.0788,0
0.70346,0.015287,8.5175e-24,1.1846,1.7187,0.6,0.0792,0
0.70576,0.01522,4.4601e-24,1.1808,1.716,0.6,0.0796,0
0.70806,0.015153,4.0271e-25,1.1769,1.7133,0.6,0.08,0
0.71052,0.015081,8.8293e-26,1.1731,1.7108,0.6,0.0804,0
0.71299,0.015009,-2.2614e-25,1.1692,1.7083,0.6,0.0808,0
0.71545,0.014937,-5.4056e-25,1.1654,1.7058,0.6,0.0812,0
0.71791,0.014865,-8.5498e-25,1.1615,1.7033,0.6,0.0816,0
0.72037,0.014793,-1.1694e-24,1.1577,1.7008,0.6,0.082,0
0.72284,0.014721,-1.4838e-24,1.1538,1.6983,0.6,0.0824,0
0.7253,0.014649,-1.7982e-24,1.15,1.6958,0.6,0.0828,0
0.72776,0.014577,-2.1127e-24,1.1461,1.6933,0.6,0.0832,0
0.7303,0.014501,4.1531e-25,1.1423,1.6909,0.6,0.0836,0
0.73289,0.014423,4.3639e-24,1.1384,1.6886,0.6,0.084,0
0.73547,0.014346,8.3125e-24,1.1345,1.6862,0.6,0.0844,0
0.73806,0.014269,1.2261e-23,1.1307,1.6839,0.6,0.0848,0
0.74064,0.014191,1.621e-23,1.1268,1.6816,0.6,0.0852,0
0.74323,0.014114,2.0158e-23,1.123,1.6792,0.6,0.0856,0
0.74581,0.014036,2.4107e-23,1.1191,1.6769,0.6,0.086,0
0.7484,0.013959,2.8056e-23,1.1152,1.6746,0.6,0.0864,0
0.75101,0.01388,2.9389e-23,1.1114,1.6723,0.6,0.0868,0
0.75368,0.013798,2.549e-23,1.1075,1.6701,0.6,0.0872,0
0.75634,0.013716,2.1591e-23,1.1036,1.6679,0.6,0.0876,0
0.75901,0.013634,1.7692e-23,1.0998,1.6656,0.6,0.088,0
0.76168,0.013552,1.3793e-23,1.0959,1.6634,0.6,0.0884,0
0.76434,0.01347,9.8936e-24,1.092,1.6612,0.6,0.0888,0
0.76701,0.013388,5.9944e-24,1.0882,1.659,0.6,0.0892,0
0.76968,0.013306,2.0953e-24,1.0843,1.6568,0.6,0.0896,0
0.77234,0.013224,-1.8039e-24,1.0804,1.6546,0.6,0.09,0
0.77505,0.01314,-5.1599e-24,1.0766,1.6525,0.6,0.0904,0
0.77776,0.013056,-8.5159e-24,1.0727,1.6504,0.6,0.0908,0
0.78047,0.012971,-1.1872e-23,1.0688,1.6483,0.6,0.0912,0
0.78318,0.012887,-1.5228e-23,1.0649,1.6462,0.6,0.0916,0
0.78589,0.012803,-1.8584e-23,1.061,1.6441,0.6,0.092,0
0.7886,0.012718,-2.194e-23,1.0572,1.642,0.6,0.0924,0
0.79131,0.012634,-2.5296e-23,1.0533,1.6398,0.6,0.0928,0
0.79402,0.012549,-2.8652e-23,1.0494,1.6377,0.6,0.0932,0
0.79673,0.012465,-2.7548e-23,1.0455,1.6357,0.6,0.0936,0
0.79944,0.012381,-2.4215e-23,1.0416,1.6336,0.6,0.094,0
0.80215,0.012297,-2.0883e-23,1.0377,1.6316,0.6,0.0944,0
0.80486,0.012213,-1.755e-23,1.0338,1.6295,0.6,0.0948,0
0.80757,0.012128,-1.4217e-23,1.0299,1.6275,0.6,0.0952,0
0.81028,0.012044,-1.0885e-23,1.0261,1.6254,0.6,0.0956,0
0.81299,0.01196,-7.5518e-24,1.0222,1.6234,0.6,0.096,0
0.8157,0.011876,-4.2191e-24,1.0183,1.6213,0.6,0.0964,0
0.8184,0.011793,-8.778e-25,1.0144,1.6193,0.6,0.0968,0
0.82108,0.011712,2.4806e-24,1.0105,1.6173,0.6,0.0972,0
0.82375,0.011631,5.8389e-24,1.0066,1.6152,0.6,0.0976,0
0.82642,0.01155,9.1973e-24,1.0027,1.6132,0.6,0.098,0
0.8291,0.011468,1.2556e-23,0.99877,1.6112,0.6,0.0984,0
0.83177,0.011387,1.5914e-23,0.99487,1.6092,0.6,0.0988,0
0.83444,0.011306,1.9272e-23,0.99097,1.6071,0.6,0.0992,0
0.83711,0.011225,2.2631e-23,0.98706,1.6051,0.6,0.0996,0
0.83979,0.011144,2.5989e-23,0.98316,1.6031,0.6,0.1,0
0.84238,0.011069,2.2658e-23,0.97925,1.601,0.6,0.1004,0
0.84497,0.010993,1.9327e-23,0.97533,1.599,0.6,0.1008,0
0.84757,0.010918,1.5995e-23,0.97142,1.5969,0.6,0.1012,0
0.85016,0.010842,1.2664e-23,0.9675,1.5949,0.6,0.1016,0
0.85275,0.010767,9.3328e-24,0.96359,1.5928,0.6,0.102,0
0.85535,0.010691,6.0015e-24,0.95968,1.5908,0.6,0.1024,0
0.85794,0.010616,2.6703e-24,0.95576,1.5887,0.6,0.1028,0
0.86053,0.01054,-6.61e-25,0.95185,1.5867,0.6,0.1032,0
0.86304,0.01047,-1.7682e-24,0.94793,1.5846,0.6,0.1036,0
0.86551,0.010402,-1.7676e-24,0.94401,1.5824,0.6,0.104,0
0.86798,0.010334,-1.7669e-24,0.94009,1.5803,0.6,0.1044,0
0.87045,0.010266,-1.7663e-24,0.93616,1.5782,0.6,0.1048,0
0.87292,0.010198,-1.7657e-24,0.93224,1.5761,0.6,0.1052,0
0.87538,0.01013,-1.7651e-24,0.92832,1.5739,0.6,0.1056,0
0.87785,0.010062,-1.7645e-24,0.9244,1.5718,0.6,0.106,0
0.88032,0.0099937,-1.7638e-24,0.92047,1.5697,0.6,0.1064,0
0.88273,0.0099283,-1.7632e-24,0.91655,1.5675,0.6,0.1068,0
0.88503,0.0098682,-1.7627e-24,0.91262,1.5653,0.6,0.1072,0
0.88733,0.0098081,-1.7621e-24,0.90869,1.563,0.6,0.1076,0
0.88963,0.009748,-1.7615e-24,0.90476,1.5607,0.6,0.108,0
0.89193,0.0096879,-1.7609e-24,0.90083,1.5585,0.6,0.1084,0
0.89423,0.0096278,-1.7603e-24,0.8969,1.5562,0.6,0.1088,0
0.89653,0.0095677,-1.7597e-24,0.89296,1.554,0.6,0.1092,0
0.89883,0.0095075,-1.7592e-24,0.88903,1.5517,0.6,0.1096,0
0.90113,0.0094474,-1.7586e-24,0.8851,1.5495,0.6,0.11,0
0.90322,0.0093944,-1.758e-24,0.88117,1.547,0.6,0.1104,0
0.90531,0.0093414,-1.7574e-24,0.87723,1.5446,0.6,0.1108,0
0.9074,0.0092884,-1.7568e-24,0.87329,1.5421,0.6,0.1112,0
0.90949,0.0092354,-1.7562e-24,0.86936,1.5397,0.6,0.1116,0
0.91158,0.0091824,-1.7555e-24,0.86542,1.5372,0.6,0.112,0
0.91368,0.0091293,-1.7549e-24,0.86148,1.5348,0.6,0.1124,0
0.91577,0.0090763,-1.7543e-24,0.85755,1.5323,0.6,0.1128,0
0.91786,0.0090233,-1.7537e-24,0.85361,1.5299,0.6,0.1132,0
0.91979,0.0089742,-3.4256e-24,0.84967,1.5273,0.6,0.1136,0
0.92164,0.008927,-5.9305e-24,0.84573,1.5246,0.6,0.114,0
0.92349,0.0088798,-8.4354e-24,0.84179,1.522,0.6,0.1144,0
0.92535,0.0088325,-1.094e-23,0.83785,1.5193,0.6,0.1148,0
0.9272,0.0087853,-1.3445e-23,0.83391,1.5166,0.6,0.1152,0
0.92905,0.0087381,-1.595e-23,0.82997,1.514,0.6,0.1156,0
0.93091,0.0086909,-1.8455e-23,0.82603,1.5113,0.6,0.116,0
0.93276,0.0086437,-2.096e-23,0.82209,1.5086,0.6,0.1164,0
0.93453,0.008598,-2.1802e-23,0.81815,1.5059,0.6,0.1168,0
0.93613,0.0085552,-1.9306e-23,0.81421,1.5029,0.6,0.1172,0
0.93774,0.0085124,-1.681e-23,0.81026,1.5,0.6,0.1176,0
0.93934,0.0084696,-1.4314e-23,0.80632,1.4971,0.6,0.118,0
0.94095,0.0084269,-1.1818e-23,0.80238,1.4942,0.6,0.1184,0
0.94255,0.0083841,-9.322e-24,0.79843,1.4913,0.6,0.1188,0
0.94416,0.0083413,-6.826e-24,0.79449,1.4883,0.6,0.1192,0
0.94576,0.0082985,-4.3299e-24,0.79054,1.4854,0.6,0.1196,0
0.94737,0.0082558,-1.8339e-24,0.7866,1.4825,0.6,0.12,0
0.94873,0.0082165,-1.6019e-24,0.78265,1.4793,0.6,0.1204,0
0.95009,0.0081772,-1.3699e-24,0.77871,1.4761,0.6,0.1208,0
0.95145,0.0081379,-1.138e-24,0.77476,1.4729,0.6,0.1212,0
0.95281,0.0080986,-9.0601e-25,0.77082,1.4698,0.6,0.1216,0
0.95417,0.0080594,-6.7405e-25,0.76687,1.4666,0.6,0.122,0
0.95553,0.0080201,-4.4208e-25,0.76293,1.4634,0.6,0.1224,0
0.95689,0.0079808,-2.1011e-25,0.75898,1.4602,0.6,0.1228,0
0.95826,0.0079415,2.1853e-26,0.75503,1.457,0.6,0.1232,0
0.95947,0.0079043,-1.4965e-24,0.75109,1.4537,0.6,0.1236,0
0.96061,0.0078682,-3.8868e-24,0.74714,1.4503,0.6,0.124,0
0.96174,0.0078321,-6.2771e-24,0.74319,1.4469,0.6,0.1244,0
0.96288,0.0077959,-8.6673e-24,0.73925,1.4434,0.6,0.1248,0
0.96402,0.0077598,-1.1058e-23,0.7353,1.44,0.6,0.1252,0
0.96516,0.0077237,-1.3448e-23,0.73136,1.4366,0.6,0.1256,0
0.96629,0.0076876,-1.5838e-23,0.72741,1.4332,0.6,0.126,0
0.96743,0.0076514,-1.8228e-23,0.72346,1.4298,0.6,0.1264,0
0.9685,0.0076164,-1.7671e-23,0.71952,1.4263,0.6,0.1268,0
0.96945,0.0075834,-1.1197e-23,0.71557,1.4226,0.6,0.1272,0
0.97039,0.0075504,-4.7236e-24,0.71162,1.419,0.6,0.1276,0
0.97133,0.0075174,1.7504e-24,0.70767,1.4153,0.6,0.128,0
0.97227,0.0074845,8.224e-24,0.70372,1.4117,0.6,0.1284,0
0.97322,0.0074515,1.4698e-23,0.69978,1.4081,0.6,0.1288,0
0.97416,0.0074185,2.1172e-23,0.69583,1.4044,0.6,0.1292,0
0.9751,0.0073855,2.7646e-23,0.69188,1.4008,0.6,0.1296,0
0.97604,0.0073526,3.4119e-23,0.68793,1.3972,0.6,0.13,0
0.97682,0.0073229,3.0045e-23,0.68398,1.3933,0.6,0.1304,0
0.9776,0.0072933,2.597e-23,0.68003,1.3895,0.6,0.1308,0
0.97837,0.0072636,2.1896e-23,0.67609,1.3857,0.6,0.1312,0
0.97915,0.007234,1.7822e-23,0.67214,1.3819,0.6,0.1316,0
0.97993,0.0072044,1.3747e-23,0.66819,1.378,0.6,0.132,0
0.9807,0.0071747,9.6728e-24,0.66424,1.3742,0.6,0.1324,0
0.98148,0.0071451,5.5984e-24,0.6603,1.3704,0.6,0.1328,0
0.98226,0.0071154,1.524e-24,0.65635,1.3666,0.6,0.1332,0
0.98294,0.0070882,-1.2913e-25,0.6524,1.3626,0.6,0.1336,0
0.98358,0.0070621,-5.7625e-25,0.64845,1.3586,0.6,0.134,0
0.98422,0.007036,-1.0234e-24,0.64451,1.3547,0.6,0.1344,0
0.98486,0.0070099,-1.4705e-24,0.64056,1.3507,0.6,0.1348,0
0.9855,0.0069838,-1.9176e-24,0.63662,1.3467,0.6,0.1352,0
0.98613,0.0069577,-2.3647e-24,0.63267,1.3427,0.6,0.1356,0
0.98677,0.0069316,-2.8118e-24,0.62872,1.3387,0.6,0.136,0
0.98741,0.0069055,-3.2589e-24,0.62478,1.3348,0.6,0.1364,0
0.98801,0.0068806,-2.2699e-24,0.62083,1.3307,0.6,0.1368,0
0.98854,0.0068582,1.6019e-24,0.61688,1.3266,0.6,0.1372,0
0.98906,0.0068357,5.4739e-24,0.61294,1.3225,0.6,0.1376,0
0.98959,0.0068132,9.3457e-24,0.60899,1.3184,0.6,0.138,0
0.99011,0.0067907,1.3218e-23,0.60505,1.3143,0.6,0.1384,0
0.99064,0.0067682,1.709e-23,0.6011,1.3102,0.6,0.1388,0
0.99116,0.0067457,2.0961e-23,0.59715,1.3061,0.6,0.1392,0
0.99169,0.0067232,2.4833e-23,0.59321,1.3019,0.6,0.1396,0
0.99221,0.0067008,2.8705e-23,0.58926,1.2978,0.6,0.14,0
0.99265,0.0066817,2.1644e-23,0.58532,1.2936,0.6,0.1404,0
0.99308,0.0066627,1.4584e-23,0.58137,1.2894,0.6,0.1408,0
0.99351,0.0066436,7.523e-24,0.57743,1.2852,0.6,0.1412,0
0.99394,0.0066246,4.6239e-25,0.57349,1.281,0.6,0.1416,0
0.99437,0.0066055,-6.5985e-24,0.56954,1.2767,0.6,0.142,0
0.9948,0.0065865,-1.3659e-23,0.5656,1.2725,0.6,0.1424,0
0.99523,0.0065674,-2.072e-23,0.56165,1.2683,0.6,0.1428,0
0.99567,0.0065484,-2.778e-23,0.55771,1.2641,0.6,0.1432,0
0.99605,0.0065314,-2.7993e-23,0.55377,1.2598,0.6,0.1436,0
0.9964,0.0065154,-2.4793e-23,0.54982,1.2555,0.6,0.144,0
0.99675,0.0064995,-2.1593e-23,0.54588,1.2512,0.6,0.1444,0
0.99711,0.0064835,-1.8394e-23,0.54194,1.2469,0.6,0.1448,0
0.99746,0.0064676,-1.5194e-23,0.538,1.2426,0.6,0.1452,0
0.99782,0.0064516,-1.1994e-23,0.53406,1.2383,0.6,0.1456,0
0.99817,0.0064357,-8.7947e-24,0.53012,1.234,0.6,0.146,0
0.99852,0.0064197,-5.5949e-24,0.52618,1.2297,0.6,0.1464,0
0.99886,0.0064047,-2.3907e-24,0.52224,1.2253,0.6,0.1468,0
0.99915,0.0063916,8.2285e-25,0.5183,1.221,0.6,0.1472,0
0.99944,0.0063784,4.0363e-24,0.51436,1.2166,0.6,0.1476,0
0.99973,0.0063653,7.2499e-24,0.51042,1.2122,0.6,0.148,0
1,0.0063522,1.0464e-23,0.50648,1.2078,0.6,0.1484,0
1.0003,0.006339,1.3677e-23,0.50254,1.2034,0.6,0.1488,0
1.0006,0.0063259,1.6891e-23,0.4986,1.1991,0.6,0.1492,0
1.0009,0.0063127,2.0104e-23,0.49466,1.1947,0.6,0.1496,0
1.0012,0.0062996,2.3318e-23,0.49071,1.1903,0.6,0.15,0
1.0014,0.0062889,1.7542e-23,0.48678,1.1859,0.6,0.1504,0
1.0017,0.0062782,1.1767e-23,0.48284,1.1814,0.6,0.1508,0
1.0019,0.0062675,5.9913e-24,0.4789,1.177,0.6,0.1512,0
1.0021,0.0062568,2.1566e-25,0.47496,1.1725,0.6,0.1516,0
1.0024,0.0062461,-5.5597e-24,0.47103,1.1681,0.6,0.152,0
1.0026,0.0062354,-1.1335e-23,0.46709,1.1637,0.6,0.1524,0
1.0028,0.0062247,-1.7111e-23,0.46315,1.1592,0.6,0.1528,0
1.0031,0.006214,-2.2886e-23,0.45921,1.1548,0.6,0.1532,0
1.0033,0.0062046,-2.3091e-23,0.45528,1.1503,0.6,0.1536,0
1.0035,0.0061959,-2.052e-23,0.45134,1.1458,0.6,0.154,0
1.0037,0.0061871,-1.795e-23,0.44741,1.1413,0.6,0.1544,0
1.0039,0.0061784,-1.538e-23,0.44347,1.1368,0.6,0.1548,0
1.004,0.0061697,-1.2809e-23,0.43954,1.1323,0.6,0.1552,0
1.0042,0.0061609,-1.0239e-23,0.4356,1.1278,0.6,0.1556,0
1.0044,0.0061522,-7.6682e-24,0.43167,1.1234,0.6,0.156,0
1.0046,0.0061435,-5.0979e-24,0.42774,1.1189,0.6,0.1564,0
1.0048,0.0061353,-2.5242e-24,0.4238,1.1144,0.6,0.1568,0
1.005,0.0061282,5.5905e-26,0.41987,1.1098,0.6,0.1572,0
1.0051,0.0061212,2.6359e-24,0.41594,1.1053,0.6,0.1576,0
1.0053,0.0061141,5.216e-24,0.412,1.1008,0.6,0.158,0
1.0054,0.006107,7.796e-24,0.40807,1.0962,0.6,0.1584,0
1.0056,0.0061,1.0376e-23,0.40414,1.0917,0.6,0.1588,0
1.0057,0.0060929,1.2956e-23,0.4002,1.0872,0.6,0.1592,0
1.0059,0.0060859,1.5536e-23,0.39627,1.0826,0.6,0.1596,0
1.006,0.0060788,1.8116e-23,0.39234,1.0781,0.6,0.16,0
1.0062,0.006073,1.3587e-23,0.3884,1.0735,0.6,0.1604,0
1.0063,0.0060673,9.0581e-24,0.38447,1.0689,0.6,0.1608,0
1.0064,0.0060615,4.5289e-24,0.38054,1.0644,0.6,0.1612,0
1.0065,0.0060558,-2.4062e-28,0.37661,1.0598,0.6,0.1616,0
1.0066,0.00605,-4.5292e-24,0.37268,1.0552,0.6,0.162,0
1.0068,0.0060443,-9.0584e-24,0.36875,1.0507,0.6,0.1624,0
1.0069,0.0060385,-1.3587e-23,0.36482,1.0461,0.6,0.1628,0
1.007,0.0060328,-1.8117e-23,0.36089,1.0415,0.6,0.1632,0
1.0071,0.0060276,-1.8318e-23,0.35696,1.0369,0.6,0.1636,0
1.0072,0.0060228,-1.6365e-23,0.35303,1.0323,0.6,0.164,0
1.0073,0.006018,-1.4411e-23,0.3491,1.0277,0.6,0.1644,0
1.0074,0.0060132,-1.2457e-23,0.34517,1.0231,0.6,0.1648,0
1.0075,0.0060084,-1.0504e-23,0.34125,1.0185,0.6,0.1652,0
1.0076,0.0060036,-8.5498e-24,0.33732,1.014,0.6,0.1656,0
1.0077,0.0059988,-6.5961e-24,0.33339,1.0094,0.6,0.166,0
1.0078,0.005994,-4.6424e-24,0.32946,1.0048,0.6,0.1664,0
1.0079,0.0059894,-2.6855e-24,0.32553,1.0001,0.6,0.1668,0
1.0079,0.0059854,-7.2232e-25,0.32161,0.99553,0.6,0.1672,0
1.008,0.0059814,1.2409e-24,0.31768,0.9909,0.6,0.1676,0
1.0081,0.0059773,3.2041e-24,0.31375,0.98628,0.6,0.168,0
1.0082,0.0059733,5.1674e-24,0.30982,0.98166,0.6,0.1684,0
1.0082,0.0059693,7.1306e-24,0.3059,0.97704,0.6,0.1688,0
1.0083,0.0059652,9.0939e-24,0.30197,0.97241,0.6,0.1692,0
1.0084,0.0059612,1.1057e-23,0.29804,0.96779,0.6,0.1696,0
1.0085,0.0059572,1.302e-23,0.29411,0.96317,0.6,0.17,0
1.0085,0.0059537,9.7199e-24,0.29019,0.95853,0.6,0.1704,0
1.0086,0.0059503,6.4196e-24,0.28626,0.95389,0.6,0.1708,0
1.0086,0.0059468,3.1192e-24,0.28234,0.94925,0.6,0.1712,0
1.0087,0.0059434,-1.8111e-25,0.27841,0.94461,0.6,0.1716,0
1.0088,0.00594,-3.4815e-24,0.27449,0.93996,0.6,0.172,0
1.0088,0.0059365,-6.7818e-24,0.27056,0.93532,0.6,0.1724,0
1.0089,0.0059331,-1.0082e-23,0.26663,0.93068,0.6,0.1728,0
1.0089,0.0059297,-1.3383e-23,0.26271,0.92604,0.6,0.1732,0
1.009,0.0059266,-1.3584e-23,0.25878,0.92139,0.6,0.1736,0
1.009,0.0059236,-1.2242e-23,0.25486,0.91674,0.6,0.174,0
1.0091,0.0059207,-1.0899e-23,0.25094,0.91208,0.6,0.1744,0
1.0091,0.0059178,-9.5572e-24,0.24701,0.90743,0.6,0.1748,0
1.0092,0.0059148,-8.2149e-24,0.24309,0.90278,0.6,0.1752,0
1.0092,0.0059119,-6.8726e-24,0.23917,0.89812,0.6,0.1756,0
1.0093,0.005909,-5.5303e-24,0.23524,0.89347,0.6,0.176,0
1.0093,0.005906,-4.188e-24,0.23132,0.88882,0.6,0.1764,0
1.0093,0.0059033,-2.842e-24,0.22739,0.88416,0.6,0.1768,0
1.0094,0.005901,-1.4884e-24,0.22347,0.87949,0.6,0.1772,0
1.0094,0.0058988,-1.3477e-25,0.21955,0.87483,0.6,0.1776,0
1.0095,0.0058965,1.2189e-24,0.21562,0.87016,0.6,0.178,0
1.0095,0.0058942,2.5725e-24,0.2117,0.8655,0.6,0.1784,0
1.0095,0.0058919,3.9261e-24,0.20778,0.86083,0.6,0.1788,0
1.0096,0.0058897,5.2797e-24,0.20385,0.85617,0.6,0.1792,0
1.0096,0.0058874,6.6333e-24,0.19993,0.8515,0.6,0.1796,0
1.0096,0.0058851,7.9869e-24,0.196,0.84684,0.6,0.18,0
1.0097,0.0058837,5.9003e-24,0.19208,0.84217,0.6,0.1804,0
1.0097,0.0058823,3.8137e-24,0.18816,0.83749,0.6,0.1808,0
1.0097,0.0058809,1.7271e-24,0.18423,0.83282,0.6,0.1812,0
1.0097,0.0058795,-3.5961e-25,0.18031,0.82815,0.6,0.1816,0
1.0098,0.0058781,-2.4462e-24,0.17639,0.82348,0.6,0.182,0
1.0098,0.0058767,-4.5329e-24,0.17247,0.81881,0.6,0.1824,0
1.0098,0.0058753,-6.6196e-24,0.16854,0.81413,0.6,0.1828,0
1.0099,0.0058739,-8.7062e-24,0.16462,0.80946,0.6,0.1832,0
1.0099,0.0058732,-8.9021e-24,0.1607,0.80479,0.6,0.1836,0
1.0099,0.0058729,-8.1562e-24,0.15678,0.80011,0.6,0.184,0
1.0099,0.0058727,-7.4104e-24,0.15285,0.79543,0.6,0.1844,0
1.01,0.0058724,-6.6646e-24,0.14893,0.79076,0.6,0.1848,0
1.01,0.0058721,-5.9187e-24,0.14501,0.78608,0.6,0.1852,0
1.01,0.0058718,-5.1729e-24,0.14109,0.78141,0.6,0.1856,0
1.01,0.0058715,-4.427e-24,0.13717,0.77673,0.6,0.186,0
1.0101,0.0058712,-3.6812e-24,0.13325,0.77205,0.6,0.1864,0
1.0101,0.0058714,-2.9323e-24,0.12933,0.76737,0.6,0.1868,0
1.0101,0.0058725,-2.1772e-24,0.12541,0.76269,0.6,0.1872,0
1.0101,0.0058736,-1.4221e-24,0.12148,0.75801,0.6,0.1876,0
1.0101,0.0058747,-6.6692e-25,0.11756,0.75333,0.6,0.188,0
1.0102,0.0058759,8.8188e-26,0.11364,0.74865,0.6,0.1884,0
1.0102,0.005877,8.4332e-25,0.10972,0.74397,0.6,0.1888,0
1.0102,0.0058781,1.5984e-24,0.1058,0.73929,0.6,0.1892,0
1.0102,0.0058792,2.3536e-24,0.10187,0.7346,0.6,0.1896,0
1.0102,0.0058803,3.1087e-24,0.097953,0.72992,0.6,0.19,0
1.0103,0.0058828,2.1911e-24,0.094033,0.72524,0.6,0.1904,0
1.0103,0.0058852,1.2736e-24,0.090112,0.72055,0.6,0.1908,0
1.0103,0.0058877,3.5599e-25,0.086192,0.71587,0.6,0.1912,0
1.0103,0.0058901,-5.6158e-25,0.082271,0.71118,0.6,0.1916,0
1.0103,0.0058926,-1.4791e-24,0.078351,0.7065,0.6,0.192,0
1.0103,0.005895,-2.3967e-24,0.07443,0.70181,0.6,0.1924,0
1.0104,0.0058975,-3.3142e-24,0.07051,0.69713,0.6,0.1928,0
1.0104,0.0058999,-4.2318e-24,0.066589,0.69244,0.6,0.1932,0
1.0104,0.0059041,-4.5418e-24,0.062671,0.68775,0.6,0.1936,0
1.0104,0.0059091,-4.5492e-24,0.058754,0.68306,0.6,0.194,0
1.0104,0.0059141,-4.5566e-24,0.054837,0.67838,0.6,0.1944,0
1.0104,0.005919,-4.5641e-24,0.050919,0.67369,0.6,0.1948,0
1.0104,0.005924,-4.5715e-24,0.047002,0.669,0.6,0.1952,0
1.0104,0.005929,-4.5789e-24,0.043085,0.66431,0.6,0.1956,0
1.0104,0.005934,-4.5863e-24,0.039168,0.65962,0.6,0.196,0
1.0105,0.005939,-4.5937e-24,0.035251,0.65493,0.6,0.1964,0
1.0105,0.0059435,-4.5419e-24,0.031659,0.65063,0.6,0.1968,0
1.0105,0.0059469,-4.3713e-24,0.028722,0.64711,0.6,0.1972,0
1.0105,0.0059504,-4.2006e-24,0.025784,0.64359,0.6,0.1976,0
1.0105,0.0059539,-4.03e-24,0.022847,0.64007,0.6,0.198,0
1.0105,0.0059574,-3.8593e-24,0.019909,0.63655,0.6,0.1984,0
1.0105,0.0059608,-3.6887e-24,0.016971,0.63303,0.6,0.1988,0
1.0105,0.0059643,-3.518e-24,0.014034,0.62951,0.6,0.1992,0
1.0105,0.0059678,-3.3474e-24,0.011096,0.62598,0.6,0.1996,0
1.0105,0.0059712,-3.1767e-24,0.0081586,0.62246,0.6,0.2,0
