"p","U:0","U:1","U:2","Co","k","nut","omega","total(p)","wallShearStress:0","wallShearStress:1","wallShearStress:2","yPlus","vtkValidPointMask","arc_length","Points:0","Points:1","Points:2"
3.9147,0.17954,-0.023071,0,0.13473,0.00020704,0,7378.7,4.6977,-0.0017243,0.00029544,0,0.82063,1,0,0.6,-0.2,0
3.893,0.66401,-3.7094e-05,-4.9856e-23,0.49826,0.0059268,2.9834e-05,246.74,4.938,0,0,0,0,1,0.002,0.6,-0.198,0
3.8725,0.7488,-0.00016475,-2.4851e-22,0.56188,0.0054629,5.4564e-05,115.05,4.9849,0,0,0,0,1,0.004,0.6,-0.196,0
3.8553,0.79218,-0.00020912,-2.4834e-22,0.59445,0.0049852,7.1883e-05,77.14,5.0041,0,0,0,0,1,0.006,0.6,-0.194,0
3.8366,0.82584,-0.00047502,-1.4832e-22,0.61977,0.0044814,8.7217e-05,54.609,5.0138,0,0,0,0,1,0.008,0.6,-0.192,0
3.817,0.85466,-0.00084982,1.1606e-24,0.64148,0.0039649,0.00010155,39.725,5.0189,0,0,0,0,1,0.01,0.6,-0.19,0
3.7974,0.87474,-0.00084785,1.3476e-22,0.65667,0.003566,0.00010998,32.874,5.0163,0,0,0,0,1,0.012,0.6,-0.188,0
3.7778,0.89329,-0.00092389,2.2289e-22,0.67072,0.003188,0.00011665,27.01,5.0123,0,0,0,0,1,0.014,0.6,-0.186,0
3.7582,0.90884,-0.0011538,2.2135e-22,0.68252,0.0028513,0.00011986,23.089,5.0056,0,0,0,0,1,0.016,0.6,-0.184,0
3.7386,0.92243,-0.0013018,4.5522e-23,0.69283,0.0025412,0.00012118,20.055,4.997,0,0,0,0,1,0.018,0.6,-0.182,0
3.719,0.93506,-0.0014101,-2.1323e-22,0.70241,0.0022442,0.00012157,17.46,4.9875,0,0,0,0,1,0.02,0.6,-0.18,0
3.6994,0.94538,-0.0015771,-8.5731e-23,0.71027,0.0019848,0.00012134,15.621,4.9756,0,0,0,0,1,0.022,0.6,-0.178,0
3.6798,0.95503,-0.0017357,4.1368e-23,0.71763,0.0017402,0.00012063,13.946,4.9631,0,0,0,0,1,0.024,0.6,-0.176,0
3.6602,0.96334,-0.001878,1.6731e-22,0.72401,0.0015241,0.000119,12.589,4.9492,0,0,0,0,1,0.026,0.6,-0.174,0
3.6407,0.97049,-0.0020274,1.2479e-22,0.7295,0.0013376,0.00011631,11.397,4.9339,0,0,0,0,1,0.028,0.6,-0.172,0
3.6211,0.97706,-0.0021802,2.0007e-24,0.73454,0.0011658,0.00011312,10.285,4.9181,0,0,0,0,1,0.03,0.6,-0.17,0
3.6015,0.98207,-0.0023206,3.4613e-24,0.73838,0.0010367,0.00011114,9.3052,4.9005,0,0,0,0,1,0.032,0.6,-0.168,0
3.5819,0.98658,-0.0024566,4.4716e-23,0.74185,0.00092124,0.00011001,8.3743,4.8823,0,0,0,0,1,0.034,0.6,-0.166,0
3.5623,0.99014,-0.0025837,1.6213e-22,0.74461,0.00083213,0.00011049,7.5383,4.863,0,0,0,0,1,0.036,0.6,-0.164,0
3.5427,0.9929,-0.0026958,2.8007e-22,0.74678,0.00076458,0.00011257,6.8141,4.8428,0,0,0,0,1,0.038,0.6,-0.162,0
3.5232,0.99527,-0.0028005,3.9604e-22,0.74865,0.0007076,0.00011541,6.1454,4.8221,0,0,0,0,1,0.04,0.6,-0.16,0
3.5036,0.9968,-0.002885,2.7418e-22,0.74988,0.00067273,0.00011912,5.6673,4.8005,0,0,0,0,1,0.042,0.6,-0.158,0
3.484,0.99813,-0.0029634,1.5348e-22,0.75095,0.000643,0.00012247,5.2591,4.7786,0,0,0,0,1,0.044,0.6,-0.156,0
3.4644,0.99909,-0.0030303,3.5079e-23,0.7517,0.00062307,0.00012513,4.9847,4.7563,0,0,0,0,1,0.046,0.6,-0.154,0
3.4449,0.99981,-0.0030879,-1.849e-24,0.75227,0.00060946,0.00012695,4.8031,4.7336,0,0,0,0,1,0.048,0.6,-0.152,0
3.4253,1.0004,-0.0031411,-1.3567e-24,0.75273,0.00059891,0.00012836,4.6664,4.7109,0,0,0,0,1,0.05,0.6,-0.15,0
3.4057,1.0007,-0.003184,-1.14e-22,0.75302,0.00059374,0.0001292,4.5961,4.6878,0,0,0,0,1,0.052,0.6,-0.148,0
3.3862,1.001,-0.0032243,-1.8756e-22,0.75326,0.00058967,0.00012997,4.5373,4.6646,0,0,0,0,1,0.054,0.6,-0.146,0
3.3666,1.0012,-0.0032596,-1.8746e-22,0.75342,0.00058768,0.0001306,4.5001,4.6413,0,0,0,0,1,0.056,0.6,-0.144,0
3.3471,1.0012,-0.0032916,-1.8448e-22,0.7535,0.00058696,0.00013117,4.475,4.6179,0,0,0,0,1,0.058,0.6,-0.142,0
3.3275,1.0012,-0.0033218,-1.8006e-22,0.75355,0.00058684,0.00013171,4.4556,4.5945,0,0,0,0,1,0.06,0.6,-0.14,0
3.3079,1.0011,-0.0033495,-1.7985e-22,0.75351,0.00058775,0.00013216,4.4474,4.5709,0,0,0,0,1,0.062,0.6,-0.138,0
3.2884,1.001,-0.0033767,-6.7341e-23,0.75345,0.00058886,0.00013255,4.4424,4.5473,0,0,0,0,1,0.064,0.6,-0.136,0
3.2688,1.0009,-0.0034032,2.5516e-22,0.75334,0.00059032,0.00013285,4.4435,4.5236,0,0,0,0,1,0.066,0.6,-0.134,0
3.2493,1.0007,-0.00343,3.5779e-22,0.75319,0.00059192,0.00013297,4.4515,4.4999,0,0,0,0,1,0.068,0.6,-0.132,0
3.2298,1.0004,-0.0034569,3.5615e-22,0.75302,0.00059359,0.00013301,4.4628,4.4762,0,0,0,0,1,0.07,0.6,-0.13,0
3.2102,1.0001,-0.0034856,2.4699e-22,0.75282,0.00059521,0.00013266,4.4867,4.4524,0,0,0,0,1,0.072,0.6,-0.128,0
3.1907,0.9998,-0.0035149,1.7452e-22,0.75261,0.00059674,0.00013213,4.5165,4.4286,0,0,0,0,1,0.074,0.6,-0.126,0
3.1711,0.99944,-0.0035457,1.7163e-22,0.7524,0.00059809,0.00013125,4.5574,4.4047,0,0,0,0,1,0.076,0.6,-0.124,0
3.1516,0.99903,-0.0035782,9.9312e-23,0.75213,0.00059909,0.00012988,4.6136,4.3807,0,0,0,0,1,0.078,0.6,-0.122,0
3.132,0.99859,-0.0036116,-3.8534e-24,0.75183,0.00059992,0.00012828,4.6774,4.3568,0,0,0,0,1,0.08,0.6,-0.12,0
3.1125,0.99808,-0.0036474,7.8013e-23,0.75147,0.00059999,0.00012583,4.7708,4.3327,0,0,0,0,1,0.082,0.6,-0.118,0
3.093,0.99752,-0.0036837,1.7485e-22,0.75109,0.00059969,0.00012305,4.8774,4.3086,0,0,0,0,1,0.084,0.6,-0.116,0
3.0735,0.9969,-0.003721,2.9979e-22,0.75069,0.0005987,0.00011963,5.0094,4.2845,0,0,0,0,1,0.086,0.6,-0.114,0
3.0539,0.99619,-0.0037581,2.861e-22,0.75019,0.00059678,0.00011553,5.1751,4.2602,0,0,0,0,1,0.088,0.6,-0.112,0
3.0344,0.99543,-0.0037948,2.0497e-22,0.74965,0.00059438,0.00011109,5.3575,4.2358,0,0,0,0,1,0.09,0.6,-0.11,0
3.0149,0.99451,-0.0038279,-1.9999e-23,0.74895,0.00059026,0.0001057,5.6022,4.2113,0,0,0,0,1,0.092,0.6,-0.108,0
2.9954,0.99351,-0.0038574,-1.661e-22,0.74819,0.00058542,0.00010003,5.8743,4.1867,0,0,0,0,1,0.094,0.6,-0.106,0
2.9759,0.99237,-0.0038803,-1.6357e-22,0.74732,0.00057921,9.3843e-05,6.1984,4.162,0,0,0,0,1,0.096,0.6,-0.104,0
2.9564,0.99103,-0.0038897,-9.1829e-23,0.7463,0.0005714,8.7307e-05,6.5888,4.137,0,0,0,0,1,0.098,0.6,-0.102,0
2.9369,0.98959,-0.0038922,1.1044e-23,0.74521,0.0005628,8.0605e-05,7.012,4.1119,0,0,0,0,1,0.1,0.6,-0.1,0
2.9174,0.98776,-0.0038603,8.6848e-24,0.74381,0.00055182,7.3767e-05,7.5499,4.0863,0,0,0,0,1,0.102,0.6,-0.098,0
2.8979,0.98574,-0.0038089,5.6515e-24,0.74227,0.00054014,6.7026e-05,8.1329,4.0605,0,0,0,0,1,0.104,0.6,-0.096,0
2.8784,0.98337,-0.0037209,1.3886e-24,0.74042,0.00052711,6.0471e-05,8.801,4.0343,0,0,0,0,1,0.106,0.6,-0.094,0
2.859,0.9805,-0.003576,-2.3782e-24,0.73816,0.00051335,5.4373e-05,9.5605,4.0076,0,0,0,0,1,0.108,0.6,-0.092,0
2.8395,0.97739,-0.0034027,-5.9107e-24,0.73569,0.00049925,4.8504e-05,10.365,3.9806,0,0,0,0,1,0.11,0.6,-0.09,0
2.82,0.97332,-0.0031166,-6.001e-24,0.73241,0.00048569,4.3574e-05,11.288,3.9524,0,0,0,0,1,0.112,0.6,-0.088,0
2.8005,0.96882,-0.0027812,-4.8174e-24,0.72879,0.00047301,3.9024e-05,12.241,3.9238,0,0,0,0,1,0.114,0.6,-0.086,0
2.781,0.96352,-0.0023533,-1.179e-24,0.72449,0.00046199,3.5183e-05,13.25,3.8943,0,0,0,0,1,0.116,0.6,-0.084,0
2.7616,0.95722,-0.0018181,0,0.71943,0.00045389,3.207e-05,14.279,3.8637,0,0,0,0,1,0.118,0.6,-0.082,0
2.7421,0.95043,-0.0012304,0,0.71401,0.00044722,2.9309e-05,15.317,3.8325,0,0,0,0,1,0.12,0.6,-0.08,0
2.7226,0.94206,-0.00049065,0,0.70761,0.00044523,2.7448e-05,16.311,3.7997,0,0,0,0,1,0.122,0.6,-0.078,0
2.7031,0.93315,0.00029627,6.513e-25,0.70094,0.00044443,2.5825e-05,17.262,3.7663,0,0,0,0,1,0.124,0.6,-0.076,0
2.6836,0.92321,0.0011709,2.5502e-24,0.69375,0.00044586,2.4644e-05,18.134,3.7318,0,0,0,0,1,0.126,0.6,-0.074,0
2.6641,0.91237,0.0021157,3.1837e-24,0.68613,0.00044769,2.3759e-05,18.874,3.6965,0,0,0,0,1,0.128,0.6,-0.072,0
2.6446,0.9011,0.0030941,3.9815e-24,0.6783,0.00044966,2.3013e-05,19.55,3.6608,0,0,0,0,1,0.13,0.6,-0.07,0
2.6251,0.88892,0.004133,4.9203e-23,0.66992,0.00044899,2.2476e-05,19.99,3.6243,0,0,0,0,1,0.132,0.6,-0.068,0
2.6055,0.87659,0.005175,6.0645e-23,0.66143,0.00044655,2.1959e-05,20.341,3.5878,0,0,0,0,1,0.134,0.6,-0.066,0
2.586,0.86398,0.0062229,9.6612e-24,0.65273,0.00044083,2.148e-05,20.526,3.5512,0,0,0,0,1,0.136,0.6,-0.064,0
2.5664,0.85143,0.0072366,-1.0275e-22,0.64407,0.00043127,2.0985e-05,20.55,3.5148,0,0,0,0,1,0.138,0.6,-0.062,0
2.5468,0.83891,0.0082326,-2.4164e-22,0.63543,0.00041986,2.0482e-05,20.496,3.4785,0,0,0,0,1,0.14,0.6,-0.06,0
2.5272,0.82689,0.0091226,-2.8776e-22,0.62707,0.00040412,1.9941e-05,20.256,3.4431,0,0,0,0,1,0.142,0.6,-0.058,0
2.5076,0.81517,0.0099587,-2.522e-22,0.6189,0.00038761,1.9396e-05,19.972,3.408,0,0,0,0,1,0.144,0.6,-0.056,0
2.488,0.804,0.010696,-6.6236e-23,0.61105,0.00036966,1.8841e-05,19.607,3.3736,0,0,0,0,1,0.146,0.6,-0.054,0
2.4684,0.79353,0.011309,-4.2358e-24,0.60366,0.00035175,1.8305e-05,19.199,3.34,0,0,0,0,1,0.148,0.6,-0.052,0
2.4487,0.78342,0.011861,-1.8041e-24,0.5965,0.00033389,1.7778e-05,18.772,3.3068,0,0,0,0,1,0.15,0.6,-0.05,0
2.4291,0.7744,0.012229,-1.4414e-22,0.59003,0.00031776,1.7316e-05,18.335,3.2748,0,0,0,0,1,0.152,0.6,-0.048,0
2.4094,0.76577,0.012535,-2.2057e-22,0.58379,0.00030259,1.6886e-05,17.908,3.2433,0,0,0,0,1,0.154,0.6,-0.046,0
2.3897,0.75785,0.012727,-1.7618e-22,0.578,0.00028918,1.6518e-05,17.498,3.2124,0,0,0,0,1,0.156,0.6,-0.044,0
2.3701,0.75061,0.012815,-1.4333e-22,0.57264,0.00027786,1.6222e-05,17.12,3.1823,0,0,0,0,1,0.158,0.6,-0.042,0
2.3504,0.7437,0.012854,-1.1525e-22,0.5675,0.00026755,1.5963e-05,16.757,3.1525,0,0,0,0,1,0.16,0.6,-0.04,0
2.3307,0.73763,0.012778,-6.7736e-23,0.56289,0.00026009,1.5811e-05,16.446,3.1234,0,0,0,0,1,0.162,0.6,-0.038,0
2.311,0.73181,0.012673,-2.7427e-23,0.55844,0.00025356,1.5697e-05,16.152,3.0947,0,0,0,0,1,0.164,0.6,-0.036,0
2.2914,0.72643,0.012517,-1.2986e-25,0.55428,0.0002487,1.565e-05,15.891,3.0664,0,0,0,0,1,0.166,0.6,-0.034,0
2.2717,0.72141,0.01233,6.8252e-23,0.55038,0.00024534,1.5668e-05,15.66,3.0384,0,0,0,0,1,0.168,0.6,-0.032,0
2.252,0.71656,0.012129,1.5303e-22,0.54659,0.0002427,1.5717e-05,15.443,3.0106,0,0,0,0,1,0.17,0.6,-0.03,0
2.2323,0.71207,0.011916,1.521e-22,0.54306,0.0002418,1.5847e-05,15.261,2.9831,0,0,0,0,1,0.172,0.6,-0.028,0
2.2126,0.70765,0.011708,1.209e-22,0.5396,0.00024141,1.6003e-05,15.088,2.9557,0,0,0,0,1,0.174,0.6,-0.026,0
2.193,0.70337,0.011509,3.4204e-23,0.53624,0.00024194,1.6206e-05,14.932,2.9285,0,0,0,0,1,0.176,0.6,-0.024,0
2.1733,0.69916,0.011335,1.0313e-24,0.53296,0.00024324,1.645e-05,14.79,2.9013,0,0,0,0,1,0.178,0.6,-0.022,0
2.1536,0.69498,0.011172,-7.5957e-24,0.52971,0.00024491,1.6716e-05,14.654,2.8742,0,0,0,0,1,0.18,0.6,-0.02,0
2.134,0.69082,0.01106,-1.3046e-23,0.5265,0.00024745,1.7033e-05,14.531,2.8472,0,0,0,0,1,0.182,0.6,-0.018,0
2.1143,0.68664,0.010969,1.2986e-23,0.5233,0.00025022,1.7367e-05,14.411,2.8201,0,0,0,0,1,0.184,0.6,-0.016,0
2.0946,0.68242,0.010918,9.847e-23,0.52011,0.00025342,1.773e-05,14.297,2.793,0,0,0,0,1,0.186,0.6,-0.014,0
2.0749,0.67814,0.010915,1.8361e-22,0.5169,0.00025695,1.8119e-05,14.185,2.7659,0,0,0,0,1,0.188,0.6,-0.012,0
2.0553,0.67384,0.010935,2.6718e-22,0.51369,0.00026063,1.852e-05,14.075,2.7388,0,0,0,0,1,0.19,0.6,-0.01,0
2.0356,0.66943,0.011028,1.9086e-22,0.51045,0.00026459,1.8953e-05,13.964,2.7117,0,0,0,0,1,0.192,0.6,-0.008,0
2.0159,0.665,0.011147,8.7311e-23,0.50722,0.00026858,1.9394e-05,13.853,2.6845,0,0,0,0,1,0.194,0.6,-0.006,0
1.9963,0.66051,0.011316,-6.9566e-23,0.50398,0.00027265,1.9852e-05,13.738,2.6574,0,0,0,0,1,0.196,0.6,-0.004,0
1.9766,0.65599,0.011535,-1.7569e-22,0.50076,0.00027667,2.0324e-05,13.618,2.6302,0,0,0,0,1,0.198,0.6,-0.002,0
1.9569,0.65145,0.01178,-2.5679e-22,0.49754,0.00028067,2.0803e-05,13.495,2.603,0,0,0,0,1,0.2,0.6,0,0
1.9373,0.64692,0.012097,-2.2287e-22,0.49438,0.00028447,2.1301e-05,13.36,2.5759,0,0,0,0,1,0.202,0.6,0.002,0
1.9176,0.64241,0.012435,-1.9982e-22,0.49125,0.00028819,2.1808e-05,13.22,2.5488,0,0,0,0,1,0.204,0.6,0.004,0
1.8979,0.63795,0.012819,-1.9892e-22,0.48819,0.00029174,2.233e-05,13.07,2.5218,0,0,0,0,1,0.206,0.6,0.006,0
1.8783,0.63359,0.01324,-1.7001e-22,0.48524,0.00029515,2.2875e-05,12.909,2.4949,0,0,0,0,1,0.208,0.6,0.008,0
1.8586,0.62929,0.013681,-1.2678e-22,0.48235,0.0002985,2.3431e-05,12.743,2.468,0,0,0,0,1,0.21,0.6,0.01,0
1.8389,0.62524,0.014167,-4.9169e-23,0.47967,0.00030183,2.4041e-05,12.562,2.4414,0,0,0,0,1,0.212,0.6,0.012,0
1.8193,0.62129,0.014666,-1.939e-23,0.47709,0.00030529,2.4678e-05,12.378,2.4149,0,0,0,0,1,0.214,0.6,0.014,0
1.7996,0.61758,0.015187,-9.0588e-23,0.47471,0.00030897,2.5371e-05,12.185,2.3885,0,0,0,0,1,0.216,0.6,0.016,0
1.7799,0.61415,0.015722,-1.1668e-22,0.47254,0.00031321,2.6142e-05,11.99,2.3624,0,0,0,0,1,0.218,0.6,0.018,0
1.7603,0.61087,0.016263,-1.1882e-22,0.47049,0.00031775,2.6954e-05,11.794,2.3364,0,0,0,0,1,0.22,0.6,0.02,0
1.7406,0.60806,0.016813,1.9563e-23,0.46879,0.00032369,2.7926e-05,11.601,2.3108,0,0,0,0,1,0.222,0.6,0.022,0
1.721,0.60544,0.017361,1.3586e-22,0.46723,0.0003303,2.8964e-05,11.413,2.2853,0,0,0,0,1,0.224,0.6,0.024,0
1.7013,0.60319,0.017908,1.9929e-22,0.46594,0.00033831,3.0141e-05,11.233,2.2601,0,0,0,0,1,0.226,0.6,0.026,0
1.6817,0.60131,0.018449,1.7751e-22,0.46493,0.000348,3.1469e-05,11.069,2.2352,0,0,0,0,1,0.228,0.6,0.028,0
1.662,0.59963,0.018986,1.0902e-22,0.46407,0.00035861,3.2881e-05,10.912,2.2104,0,0,0,0,1,0.23,0.6,0.03,0
1.6424,0.59852,0.019509,4.5573e-23,0.46364,0.0003722,3.4538e-05,10.786,2.1861,0,0,0,0,1,0.232,0.6,0.032,0
1.6228,0.59762,0.020026,6.3863e-24,0.46336,0.00038693,3.6277e-05,10.672,2.1619,0,0,0,0,1,0.234,0.6,0.034,0
1.6032,0.59713,0.020531,2.1246e-23,0.46338,0.00040402,3.8189e-05,10.585,2.138,0,0,0,0,1,0.236,0.6,0.036,0
1.5835,0.59705,0.021023,4.756e-23,0.46369,0.00042352,4.0244e-05,10.527,2.1144,0,0,0,0,1,0.238,0.6,0.038,0
1.5639,0.59719,0.021508,8.0252e-23,0.46416,0.00044435,4.238e-05,10.486,2.091,0,0,0,0,1,0.24,0.6,0.04,0
1.5443,0.59798,0.021967,3.8568e-23,0.46509,0.00046907,4.4692e-05,10.495,2.068,0,0,0,0,1,0.242,0.6,0.042,0
1.5247,0.59902,0.022416,1.7071e-23,0.4662,0.00049524,4.7046e-05,10.524,2.0453,0,0,0,0,1,0.244,0.6,0.044,0
1.5051,0.60056,0.022841,4.3459e-23,0.46766,0.00052437,4.9486e-05,10.592,2.0229,0,0,0,0,1,0.246,0.6,0.046,0
1.4856,0.60262,0.023236,3.3289e-23,0.4695,0.00055658,5.1971e-05,10.701,2.0009,0,0,0,0,1,0.248,0.6,0.048,0
1.466,0.60497,0.023615,3.2021e-24,0.47154,0.00059047,5.4481e-05,10.833,1.9791,0,0,0,0,1,0.25,0.6,0.05,0
1.4464,0.60822,0.023934,2.0715e-24,0.4742,0.00062963,5.7014e-05,11.031,1.958,0,0,0,0,1,0.252,0.6,0.052,0
1.4269,0.61181,0.024226,3.6858e-23,0.4771,0.00067083,5.9544e-05,11.254,1.9372,0,0,0,0,1,0.254,0.6,0.054,0
1.4073,0.6161,0.024464,1.4886e-22,0.4805,0.00071628,6.2068e-05,11.527,1.9169,0,0,0,0,1,0.256,0.6,0.056,0
1.3878,0.62113,0.02464,1.6895e-22,0.48441,0.00076649,6.4579e-05,11.85,1.8972,0,0,0,0,1,0.258,0.6,0.058,0
1.3683,0.62656,0.024783,1.3914e-22,0.48859,0.00081927,6.7083e-05,12.202,1.8778,0,0,0,0,1,0.26,0.6,0.06,0
1.3487,0.63322,0.024818,6.0057e-23,0.49361,0.00088085,6.9582e-05,12.637,1.8595,0,0,0,0,1,0.262,0.6,0.062,0
1.3292,0.64034,0.024815,-3.8175e-24,0.49894,0.00094606,7.2094e-05,13.103,1.8415,0,0,0,0,1,0.264,0.6,0.064,0
1.3097,0.64839,0.024731,-3.2582e-23,0.50493,0.0010188,7.4631e-05,13.629,1.8243,0,0,0,0,1,0.266,0.6,0.066,0
1.2902,0.65737,0.024569,-2.6715e-23,0.51156,0.0010999,7.7233e-05,14.214,1.8079,0,0,0,0,1,0.268,0.6,0.068,0
1.2706,0.66686,0.024364,-2.1102e-24,0.51853,0.0011856,7.987e-05,14.829,1.792,0,0,0,0,1,0.27,0.6,0.07,0
1.2511,0.67778,0.024039,-1.6774e-24,0.52648,0.0012849,8.2653e-05,15.514,1.7774,0,0,0,0,1,0.272,0.6,0.072,0
1.2316,0.68916,0.023672,-1.3443e-24,0.53474,0.0013882,8.548e-05,16.213,1.7633,0,0,0,0,1,0.274,0.6,0.074,0
1.2121,0.7015,0.023221,-3.4357e-25,0.54365,0.0014995,8.8399e-05,16.934,1.7502,0,0,0,0,1,0.276,0.6,0.076,0
1.1925,0.71464,0.022687,0,0.55309,0.001614,9.1323e-05,17.642,1.7379,0,0,0,0,1,0.278,0.6,0.078,0
1.173,0.72821,0.022109,0,0.56281,0.0017302,9.4251e-05,18.342,1.7262,0,0,0,0,1,0.28,0.6,0.08,0
1.1535,0.74273,0.021404,-1.5785e-24,0.57316,0.0018399,9.6944e-05,18.956,1.7156,0,0,0,0,1,0.282,0.6,0.082,0
1.1339,0.75746,0.020656,-2.6343e-24,0.58365,0.0019427,9.9454e-05,19.52,1.7053,0,0,0,0,1,0.284,0.6,0.084,0
1.1143,0.77261,0.019821,-2.5964e-24,0.59439,0.002031,0.00010158,19.983,1.6958,0,0,0,0,1,0.286,0.6,0.086,0
1.0948,0.78793,0.018911,-1.5581e-24,0.60521,0.0020962,0.00010314,20.318,1.6866,0,0,0,0,1,0.288,0.6,0.088,0
1.0752,0.80333,0.017959,-2.2315e-26,0.61605,0.0021492,0.0001044,20.585,1.6777,0,0,0,0,1,0.29,0.6,0.09,0
1.0556,0.81861,0.016915,-1.3114e-24,0.62674,0.0021586,0.00010463,20.631,1.6691,0,0,0,0,1,0.292,0.6,0.092,0
1.036,0.83373,0.015847,-2.0878e-24,0.63728,0.0021528,0.00010451,20.598,1.6606,0,0,0,0,1,0.294,0.6,0.094,0
1.0164,0.84853,0.014734,-1.7589e-24,0.64755,0.0021162,0.0001037,20.405,1.6519,0,0,0,0,1,0.296,0.6,0.096,0
0.99676,0.8628,0.013597,-1.7349e-24,0.6574,0.0020551,0.00010239,20.062,1.643,0,0,0,0,1,0.298,0.6,0.098,0
0.97714,0.87679,0.012446,-1.8644e-24,0.66703,0.0019809,0.00010083,19.64,1.634,0,0,0,0,1,0.3,0.6,0.1,0
0.95751,0.88968,0.011286,2.9497e-23,0.67584,0.0018836,9.8959e-05,19.017,1.6241,0,0,0,0,1,0.302,0.6,0.102,0
0.93788,0.90212,0.010129,5.16e-23,0.68432,0.0017837,9.7167e-05,18.342,1.6139,0,0,0,0,1,0.304,0.6,0.104,0
0.91823,0.91364,0.0089803,5.2998e-23,0.69214,0.0016792,9.5539e-05,17.562,1.6029,0,0,0,0,1,0.306,0.6,0.106,0
0.89859,0.92418,0.0078507,1.8708e-23,0.69923,0.0015794,9.4394e-05,16.72,1.5909,0,0,0,0,1,0.308,0.6,0.108,0
0.87895,0.93419,0.0067313,-3.4529e-23,0.70593,0.0014821,9.3505e-05,15.847,1.5784,0,0,0,0,1,0.31,0.6,0.11,0
0.8593,0.94267,0.0056568,-7.1434e-23,0.71149,0.0014,9.3673e-05,14.948,1.5644,0,0,0,0,1,0.312,0.6,0.112,0
0.83965,0.95067,0.0046026,-8.9535e-23,0.71669,0.0013238,9.4235e-05,14.059,1.5499,0,0,0,0,1,0.314,0.6,0.114,0
0.82001,0.95766,0.00359,-6.8343e-23,0.72114,0.0012595,9.5601e-05,13.191,1.5343,0,0,0,0,1,0.316,0.6,0.116,0
0.80036,0.96379,0.0026266,-3.6552e-23,0.72501,0.0012055,9.7687e-05,12.367,1.5178,0,0,0,0,1,0.318,0.6,0.118,0
0.78072,0.96948,0.0016889,7.7373e-25,0.72858,0.0011568,0.00010015,11.566,1.5008,0,0,0,0,1,0.32,0.6,0.12,0
0.76108,0.97407,0.00083548,-2.3207e-23,0.73161,0.0011197,0.0001035,10.85,1.4826,0,0,0,0,1,0.322,0.6,0.122,0
0.74144,0.97836,1.1176e-05,-4.0171e-23,0.73458,0.0010853,0.00010705,10.164,1.4641,0,0,0,0,1,0.324,0.6,0.124,0
0.72181,0.98203,-0.00075376,-4.0888e-23,0.73744,0.0010563,0.00011103,9.5391,1.4448,0,0,0,0,1,0.326,0.6,0.126,0
0.70218,0.98522,-0.0014617,-5.4057e-23,0.74013,0.0010306,0.00011522,8.9726,1.425,0,0,0,0,1,0.328,0.6,0.128,0
0.68255,0.98815,-0.0021398,-7.3792e-23,0.74275,0.0010068,0.00011953,8.4364,1.4049,0,0,0,0,1,0.33,0.6,0.13,0
0.66294,0.99049,-0.0027343,-7.41e-23,0.74493,0.00098633,0.00012392,7.9814,1.3842,0,0,0,0,1,0.332,0.6,0.132,0
0.64333,0.99268,-0.0033026,-5.3744e-23,0.747,0.00096661,0.00012827,7.5505,1.3633,0,0,0,0,1,0.334,0.6,0.134,0
0.62372,0.99454,-0.0038172,1.0226e-23,0.74881,0.00094847,0.00013255,7.1692,1.3419,0,0,0,0,1,0.336,0.6,0.136,0
0.60412,0.99614,-0.0042845,3.2534e-23,0.7504,0.00093153,0.00013666,6.8293,1.3203,0,0,0,0,1,0.338,0.6,0.138,0
0.58451,0.99762,-0.0047265,3.256e-23,0.75187,0.00091522,0.00014068,6.5115,1.2986,0,0,0,0,1,0.34,0.6,0.14,0
0.56492,0.99878,-0.0051044,3.0704e-23,0.75302,0.0009007,0.00014438,6.2473,1.2765,0,0,0,0,1,0.342,0.6,0.142,0
0.54533,0.99986,-0.0054631,2.9415e-23,0.75408,0.00088692,0.000148,5.9986,1.2542,0,0,0,0,1,0.344,0.6,0.144,0
0.52575,1.0008,-0.0057828,2.9441e-23,0.75498,0.00087468,0.00015145,5.7808,1.2318,0,0,0,0,1,0.346,0.6,0.146,0
0.50616,1.0015,-0.0060696,1.7891e-23,0.75577,0.00086474,0.00015492,5.5875,1.2093,0,0,0,0,1,0.348,0.6,0.148,0
0.48659,1.0022,-0.0063392,2.0001e-25,0.75649,0.00085601,0.00015839,5.4071,1.1866,0,0,0,0,1,0.35,0.6,0.15,0
0.46701,1.0027,-0.0065658,2.1422e-25,0.75703,0.00085335,0.00016251,5.2562,1.1637,0,0,0,0,1,0.352,0.6,0.152,0
0.44744,1.0032,-0.0067799,-3.8906e-24,0.75753,0.00085428,0.00016723,5.1131,1.1408,0,0,0,0,1,0.354,0.6,0.154,0
0.42787,1.0036,-0.0069686,-1.7094e-23,0.75792,0.00086261,0.00017319,4.9859,1.1178,0,0,0,0,1,0.356,0.6,0.156,0
0.40831,1.0038,-0.0071361,-2.9678e-23,0.75826,0.00088274,0.00018148,4.8715,1.0946,0,0,0,0,1,0.358,0.6,0.158,0
0.38875,1.0041,-0.0072924,-4.193e-23,0.75856,0.00090905,0.00019099,4.7639,1.0714,0,0,0,0,1,0.36,0.6,0.16,0
0.36919,1.0042,-0.0074211,-2.8982e-23,0.75874,0.00096081,0.0002059,4.6752,1.0481,0,0,0,0,1,0.362,0.6,0.162,0
0.34963,1.0042,-0.0075417,-1.6236e-23,0.75889,0.0010226,0.00022299,4.5934,1.0247,0,0,0,0,1,0.364,0.6,0.164,0
0.33008,1.0042,-0.0076462,-4.4088e-24,0.75895,0.0011049,0.00024453,4.5255,1.0012,0,0,0,0,1,0.366,0.6,0.166,0
0.31052,1.0041,-0.0077376,-2.8705e-25,0.75896,0.0012064,0.00027023,4.471,0.97763,0,0,0,0,1,0.368,0.6,0.168,0
0.29097,1.004,-0.0078221,-1.8483e-25,0.75893,0.0013178,0.0002981,4.4235,0.95404,0,0,0,0,1,0.37,0.6,0.17,0
0.27142,1.0039,-0.0078904,-7.1834e-24,0.75882,0.0014523,0.00033088,4.3933,0.93038,0,0,0,0,1,0.372,0.6,0.172,0
0.25187,1.0037,-0.0079542,-1e-23,0.75871,0.0015922,0.00036474,4.3674,0.9067,0,0,0,0,1,0.374,0.6,0.174,0
0.23232,1.0035,-0.008009,-4.015e-24,0.75859,0.0017426,0.00040072,4.3503,0.88299,0,0,0,0,1,0.376,0.6,0.176,0
0.21278,1.0032,-0.0080568,2.8447e-24,0.75848,0.0018991,0.00043775,4.3392,0.85927,0,0,0,0,1,0.378,0.6,0.178,0
0.19323,1.003,-0.008101,1.0145e-23,0.75837,0.0020586,0.00047531,4.3313,0.83553,0,0,0,0,1,0.38,0.6,0.18,0
0.17369,1.0027,-0.0081374,1.3826e-25,0.75821,0.002222,0.00051315,4.3301,0.81177,0,0,0,0,1,0.382,0.6,0.182,0
0.15415,1.0025,-0.0081703,-6.6648e-24,0.75803,0.0023854,0.00055077,4.3308,0.78801,0,0,0,0,1,0.384,0.6,0.184,0
0.13461,1.0022,-0.0081965,-6.7098e-24,0.75782,0.0025489,0.00058792,4.3351,0.76424,0,0,0,0,1,0.386,0.6,0.186,0
0.11506,1.002,-0.0082208,-4.0548e-24,0.75762,0.0027106,0.00062405,4.3428,0.74047,0,0,0,0,1,0.388,0.6,0.188,0
0.095519,1.0017,-0.0082441,-3.0898e-26,0.75742,0.0028713,0.00065967,4.3522,0.7167,0,0,0,0,1,0.39,0.6,0.19,0
0.075939,1.0014,-0.0083711,1.2128e-24,0.75726,0.0030272,0.00069306,4.3669,0.6929,0,0,0,0,1,0.392,0.6,0.192,0
0.056463,1.0012,-0.0084404,2.0389e-24,0.75711,0.0031843,0.00070735,4.3841,0.66922,0,0,0,0,1,0.394,0.6,0.194,0
0.037198,1.0009,-0.008393,2.0412e-24,0.75695,0.0033437,0.00068314,4.4063,0.64578,0,0,0,0,1,0.396,0.6,0.196,0
0.018466,1.0005,-0.0050284,1.2263e-24,0.75685,0.0035381,0.00053327,4.4227,0.62278,0,0,0,0,1,0.398,0.6,0.198,0
0,1,0,0,0.75676,0.00375,0.00032037,4.4362,0.6,0,0,0,0,1,0.4,0.6,0.2,0
